run_number,Version,density,fraction_majority,value_homophily,ethnic_homophily,move_anyway,step,turtles,unhappy,simcolor,simcolorS,simcolorC,simcolorRS,simcolorRC,simcolorGS,simcolorGC,simshape,simshapeS,simshapeC,simshapeRS,simshapeRC,simshapeGS,simshapeGC,numnei,numneiS,numneiC,numneiRS,numneiGS,numneiRC,numneiGC
1,Original_Schelling,70,50,0,0,0,0,1805,0,0.49,0.49,NA,0.5,NA,0.49,NA,1,1,NA,1,NA,1,NA,0.7,0.7,NA,0.7,0.7,NA,NA
2,Original_Schelling,70,50,0,0,0,0,1836,0,0.5,0.5,NA,0.51,NA,0.49,NA,1,1,NA,1,NA,1,NA,0.71,0.71,NA,0.71,0.71,NA,NA
3,Original_Schelling,70,50,0,0,0,0,1840,0,0.5,0.5,NA,0.49,NA,0.51,NA,1,1,NA,1,NA,1,NA,0.71,0.71,NA,0.71,0.71,NA,NA
4,Original_Schelling,70,50,0,0,0,0,1835,0,0.5,0.5,NA,0.49,NA,0.51,NA,1,1,NA,1,NA,1,NA,0.71,0.71,NA,0.71,0.71,NA,NA
5,Original_Schelling,70,50,0,0,0,0,1809,0,0.5,0.5,NA,0.5,NA,0.49,NA,1,1,NA,1,NA,1,NA,0.7,0.7,NA,0.7,0.7,NA,NA
6,Original_Schelling,70,50,0,0,0,0,1813,0,0.5,0.5,NA,0.5,NA,0.51,NA,1,1,NA,1,NA,1,NA,0.7,0.7,NA,0.7,0.7,NA,NA
7,Original_Schelling,70,50,0,0,0,0,1835,0,0.5,0.5,NA,0.5,NA,0.5,NA,1,1,NA,1,NA,1,NA,0.7,0.7,NA,0.71,0.7,NA,NA
8,Original_Schelling,70,50,0,0,0,0,1828,0,0.51,0.51,NA,0.51,NA,0.51,NA,1,1,NA,1,NA,1,NA,0.7,0.7,NA,0.7,0.71,NA,NA
9,Original_Schelling,70,50,0,0,0,0,1821,0,0.49,0.49,NA,0.49,NA,0.48,NA,1,1,NA,1,NA,1,NA,0.7,0.7,NA,0.71,0.7,NA,NA
10,Original_Schelling,70,50,0,0,0,0,1796,0,0.5,0.5,NA,0.51,NA,0.49,NA,1,1,NA,1,NA,1,NA,0.69,0.69,NA,0.69,0.69,NA,NA
11,Original_Schelling,70,50,0,10,0,3,1819,0,0.54,0.54,NA,0.53,NA,0.54,NA,1,1,NA,1,NA,1,NA,0.7,0.7,NA,0.71,0.7,NA,NA
12,Original_Schelling,70,50,0,10,0,3,1816,0,0.53,0.53,NA,0.54,NA,0.53,NA,1,1,NA,1,NA,1,NA,0.71,0.71,NA,0.71,0.71,NA,NA
13,Original_Schelling,70,50,0,10,0,3,1824,0,0.52,0.52,NA,0.52,NA,0.52,NA,1,1,NA,1,NA,1,NA,0.71,0.71,NA,0.7,0.72,NA,NA
14,Original_Schelling,70,50,0,10,0,2,1798,0,0.53,0.53,NA,0.55,NA,0.52,NA,1,1,NA,1,NA,1,NA,0.7,0.7,NA,0.7,0.7,NA,NA
15,Original_Schelling,70,50,0,10,0,2,1818,0,0.55,0.55,NA,0.54,NA,0.55,NA,1,1,NA,1,NA,1,NA,0.71,0.71,NA,0.7,0.72,NA,NA
16,Original_Schelling,70,50,0,10,0,3,1808,0,0.52,0.52,NA,0.5,NA,0.54,NA,1,1,NA,1,NA,1,NA,0.71,0.71,NA,0.72,0.7,NA,NA
17,Original_Schelling,70,50,0,10,0,3,1795,0,0.55,0.55,NA,0.53,NA,0.56,NA,1,1,NA,1,NA,1,NA,0.7,0.7,NA,0.7,0.69,NA,NA
18,Original_Schelling,70,50,0,10,0,3,1842,0,0.53,0.53,NA,0.54,NA,0.52,NA,1,1,NA,1,NA,1,NA,0.72,0.72,NA,0.72,0.72,NA,NA
19,Original_Schelling,70,50,0,10,0,4,1775,0,0.53,0.53,NA,0.52,NA,0.53,NA,1,1,NA,1,NA,1,NA,0.7,0.7,NA,0.7,0.7,NA,NA
20,Original_Schelling,70,50,0,10,0,2,1828,0,0.53,0.53,NA,0.51,NA,0.55,NA,1,1,NA,1,NA,1,NA,0.72,0.72,NA,0.72,0.71,NA,NA
21,Original_Schelling,70,50,0,20,0,7,1781,0,0.59,0.59,NA,0.62,NA,0.57,NA,1,1,NA,1,NA,1,NA,0.69,0.69,NA,0.69,0.69,NA,NA
22,Original_Schelling,70,50,0,20,0,6,1832,0,0.6,0.6,NA,0.59,NA,0.61,NA,1,1,NA,1,NA,1,NA,0.7,0.7,NA,0.71,0.7,NA,NA
23,Original_Schelling,70,50,0,20,0,5,1850,0,0.59,0.59,NA,0.59,NA,0.59,NA,1,1,NA,1,NA,1,NA,0.71,0.71,NA,0.72,0.71,NA,NA
24,Original_Schelling,70,50,0,20,0,6,1811,0,0.57,0.57,NA,0.59,NA,0.54,NA,1,1,NA,1,NA,1,NA,0.69,0.69,NA,0.69,0.7,NA,NA
25,Original_Schelling,70,50,0,20,0,6,1820,0,0.59,0.59,NA,0.6,NA,0.59,NA,1,1,NA,1,NA,1,NA,0.7,0.7,NA,0.69,0.71,NA,NA
26,Original_Schelling,70,50,0,20,0,9,1815,0,0.6,0.6,NA,0.58,NA,0.61,NA,1,1,NA,1,NA,1,NA,0.7,0.7,NA,0.7,0.69,NA,NA
27,Original_Schelling,70,50,0,20,0,7,1831,0,0.59,0.59,NA,0.6,NA,0.57,NA,1,1,NA,1,NA,1,NA,0.71,0.71,NA,0.7,0.71,NA,NA
28,Original_Schelling,70,50,0,20,0,7,1859,0,0.58,0.58,NA,0.59,NA,0.57,NA,1,1,NA,1,NA,1,NA,0.72,0.72,NA,0.72,0.72,NA,NA
29,Original_Schelling,70,50,0,20,0,7,1774,0,0.59,0.59,NA,0.58,NA,0.61,NA,1,1,NA,1,NA,1,NA,0.68,0.68,NA,0.68,0.68,NA,NA
30,Original_Schelling,70,50,0,20,0,10,1826,0,0.6,0.6,NA,0.58,NA,0.61,NA,1,1,NA,1,NA,1,NA,0.7,0.7,NA,0.7,0.7,NA,NA
31,Original_Schelling,70,50,0,30,0,14,1835,0,0.74,0.74,NA,0.74,NA,0.74,NA,1,1,NA,1,NA,1,NA,0.71,0.71,NA,0.7,0.72,NA,NA
32,Original_Schelling,70,50,0,30,0,20,1813,0,0.74,0.74,NA,0.74,NA,0.74,NA,1,1,NA,1,NA,1,NA,0.7,0.7,NA,0.69,0.71,NA,NA
33,Original_Schelling,70,50,0,30,0,14,1821,0,0.73,0.73,NA,0.72,NA,0.73,NA,1,1,NA,1,NA,1,NA,0.7,0.7,NA,0.7,0.71,NA,NA
34,Original_Schelling,70,50,0,30,0,10,1848,0,0.74,0.74,NA,0.74,NA,0.75,NA,1,1,NA,1,NA,1,NA,0.71,0.71,NA,0.71,0.71,NA,NA
35,Original_Schelling,70,50,0,30,0,11,1815,0,0.73,0.73,NA,0.73,NA,0.74,NA,1,1,NA,1,NA,1,NA,0.7,0.7,NA,0.7,0.7,NA,NA
36,Original_Schelling,70,50,0,30,0,14,1833,0,0.74,0.74,NA,0.73,NA,0.74,NA,1,1,NA,1,NA,1,NA,0.7,0.7,NA,0.71,0.7,NA,NA
37,Original_Schelling,70,50,0,30,0,12,1811,0,0.74,0.74,NA,0.74,NA,0.74,NA,1,1,NA,1,NA,1,NA,0.71,0.71,NA,0.71,0.7,NA,NA
38,Original_Schelling,70,50,0,30,0,9,1797,0,0.72,0.72,NA,0.72,NA,0.72,NA,1,1,NA,1,NA,1,NA,0.69,0.69,NA,0.7,0.69,NA,NA
39,Original_Schelling,70,50,0,30,0,11,1807,0,0.74,0.74,NA,0.73,NA,0.74,NA,1,1,NA,1,NA,1,NA,0.69,0.69,NA,0.69,0.7,NA,NA
40,Original_Schelling,70,50,0,30,0,8,1861,0,0.73,0.73,NA,0.73,NA,0.74,NA,1,1,NA,1,NA,1,NA,0.71,0.71,NA,0.72,0.71,NA,NA
41,Original_Schelling,70,50,0,40,0,14,1807,0,0.82,0.82,NA,0.83,NA,0.82,NA,1,1,NA,1,NA,1,NA,0.7,0.7,NA,0.7,0.71,NA,NA
42,Original_Schelling,70,50,0,40,0,12,1819,0,0.82,0.82,NA,0.82,NA,0.82,NA,1,1,NA,1,NA,1,NA,0.71,0.71,NA,0.7,0.72,NA,NA
43,Original_Schelling,70,50,0,40,0,13,1832,0,0.83,0.83,NA,0.83,NA,0.82,NA,1,1,NA,1,NA,1,NA,0.71,0.71,NA,0.7,0.72,NA,NA
44,Original_Schelling,70,50,0,40,0,17,1832,0,0.82,0.82,NA,0.83,NA,0.82,NA,1,1,NA,1,NA,1,NA,0.71,0.71,NA,0.72,0.71,NA,NA
45,Original_Schelling,70,50,0,40,0,12,1832,0,0.8,0.8,NA,0.8,NA,0.8,NA,1,1,NA,1,NA,1,NA,0.71,0.71,NA,0.72,0.7,NA,NA
46,Original_Schelling,70,50,0,40,0,14,1781,0,0.82,0.82,NA,0.82,NA,0.82,NA,1,1,NA,1,NA,1,NA,0.7,0.7,NA,0.69,0.71,NA,NA
47,Original_Schelling,70,50,0,40,0,13,1813,0,0.81,0.81,NA,0.81,NA,0.82,NA,1,1,NA,1,NA,1,NA,0.7,0.7,NA,0.71,0.7,NA,NA
48,Original_Schelling,70,50,0,40,0,12,1799,0,0.79,0.79,NA,0.79,NA,0.79,NA,1,1,NA,1,NA,1,NA,0.7,0.7,NA,0.69,0.71,NA,NA
49,Original_Schelling,70,50,0,40,0,13,1828,0,0.82,0.82,NA,0.82,NA,0.82,NA,1,1,NA,1,NA,1,NA,0.71,0.71,NA,0.72,0.7,NA,NA
50,Original_Schelling,70,50,0,40,0,14,1834,0,0.81,0.81,NA,0.81,NA,0.8,NA,1,1,NA,1,NA,1,NA,0.71,0.71,NA,0.7,0.72,NA,NA
51,Original_Schelling,70,50,0,50,0,18,1848,0,0.87,0.87,NA,0.87,NA,0.87,NA,1,1,NA,1,NA,1,NA,0.72,0.72,NA,0.73,0.72,NA,NA
52,Original_Schelling,70,50,0,50,0,14,1828,0,0.87,0.87,NA,0.88,NA,0.87,NA,1,1,NA,1,NA,1,NA,0.72,0.72,NA,0.73,0.71,NA,NA
53,Original_Schelling,70,50,0,50,0,15,1822,0,0.87,0.87,NA,0.87,NA,0.87,NA,1,1,NA,1,NA,1,NA,0.71,0.71,NA,0.71,0.7,NA,NA
54,Original_Schelling,70,50,0,50,0,18,1763,0,0.87,0.87,NA,0.87,NA,0.87,NA,1,1,NA,1,NA,1,NA,0.69,0.69,NA,0.68,0.7,NA,NA
55,Original_Schelling,70,50,0,50,0,18,1841,0,0.87,0.87,NA,0.87,NA,0.88,NA,1,1,NA,1,NA,1,NA,0.72,0.72,NA,0.71,0.73,NA,NA
56,Original_Schelling,70,50,0,50,0,18,1836,0,0.88,0.88,NA,0.88,NA,0.89,NA,1,1,NA,1,NA,1,NA,0.72,0.72,NA,0.73,0.71,NA,NA
57,Original_Schelling,70,50,0,50,0,15,1809,0,0.87,0.87,NA,0.88,NA,0.87,NA,1,1,NA,1,NA,1,NA,0.71,0.71,NA,0.72,0.7,NA,NA
58,Original_Schelling,70,50,0,50,0,19,1817,0,0.87,0.87,NA,0.88,NA,0.87,NA,1,1,NA,1,NA,1,NA,0.71,0.71,NA,0.72,0.71,NA,NA
59,Original_Schelling,70,50,0,50,0,15,1819,0,0.88,0.88,NA,0.88,NA,0.88,NA,1,1,NA,1,NA,1,NA,0.71,0.71,NA,0.72,0.7,NA,NA
60,Original_Schelling,70,50,0,50,0,22,1894,0,0.88,0.88,NA,0.88,NA,0.88,NA,1,1,NA,1,NA,1,NA,0.74,0.74,NA,0.75,0.73,NA,NA
61,Original_Schelling,70,50,0,60,0,31,1843,0,0.96,0.96,NA,0.96,NA,0.96,NA,1,1,NA,1,NA,1,NA,0.74,0.74,NA,0.74,0.75,NA,NA
62,Original_Schelling,70,50,0,60,0,27,1812,0,0.96,0.96,NA,0.96,NA,0.96,NA,1,1,NA,1,NA,1,NA,0.73,0.73,NA,0.73,0.73,NA,NA
63,Original_Schelling,70,50,0,60,0,23,1827,0,0.96,0.96,NA,0.96,NA,0.96,NA,1,1,NA,1,NA,1,NA,0.73,0.73,NA,0.73,0.73,NA,NA
64,Original_Schelling,70,50,0,60,0,24,1844,0,0.95,0.95,NA,0.95,NA,0.95,NA,1,1,NA,1,NA,1,NA,0.74,0.74,NA,0.74,0.75,NA,NA
65,Original_Schelling,70,50,0,60,0,24,1754,0,0.96,0.96,NA,0.96,NA,0.96,NA,1,1,NA,1,NA,1,NA,0.71,0.71,NA,0.71,0.7,NA,NA
66,Original_Schelling,70,50,0,60,0,24,1803,0,0.96,0.96,NA,0.96,NA,0.96,NA,1,1,NA,1,NA,1,NA,0.73,0.73,NA,0.72,0.73,NA,NA
67,Original_Schelling,70,50,0,60,0,29,1839,0,0.96,0.96,NA,0.96,NA,0.96,NA,1,1,NA,1,NA,1,NA,0.74,0.74,NA,0.75,0.73,NA,NA
68,Original_Schelling,70,50,0,60,0,34,1817,0,0.96,0.96,NA,0.96,NA,0.96,NA,1,1,NA,1,NA,1,NA,0.74,0.74,NA,0.75,0.73,NA,NA
69,Original_Schelling,70,50,0,60,0,27,1846,0,0.96,0.96,NA,0.96,NA,0.96,NA,1,1,NA,1,NA,1,NA,0.75,0.75,NA,0.75,0.74,NA,NA
70,Original_Schelling,70,50,0,60,0,27,1797,0,0.96,0.96,NA,0.96,NA,0.96,NA,1,1,NA,1,NA,1,NA,0.73,0.73,NA,0.73,0.73,NA,NA
71,Original_Schelling,70,50,0,70,0,60,1854,0,0.99,0.99,NA,0.99,NA,0.99,NA,1,1,NA,1,NA,1,NA,0.81,0.81,NA,0.8,0.81,NA,NA
72,Original_Schelling,70,50,0,70,0,49,1850,0,1,1,NA,1,NA,1,NA,1,1,NA,1,NA,1,NA,0.81,0.81,NA,0.81,0.81,NA,NA
73,Original_Schelling,70,50,0,70,0,66,1847,0,1,1,NA,1,NA,1,NA,1,1,NA,1,NA,1,NA,0.8,0.8,NA,0.81,0.8,NA,NA
74,Original_Schelling,70,50,0,70,0,55,1852,0,0.99,0.99,NA,0.99,NA,0.99,NA,1,1,NA,1,NA,1,NA,0.8,0.8,NA,0.8,0.8,NA,NA
75,Original_Schelling,70,50,0,70,0,58,1787,0,0.99,0.99,NA,0.99,NA,0.99,NA,1,1,NA,1,NA,1,NA,0.78,0.78,NA,0.78,0.79,NA,NA
76,Original_Schelling,70,50,0,70,0,51,1825,0,0.99,0.99,NA,0.99,NA,0.99,NA,1,1,NA,1,NA,1,NA,0.8,0.8,NA,0.79,0.8,NA,NA
77,Original_Schelling,70,50,0,70,0,56,1792,0,0.99,0.99,NA,0.99,NA,0.99,NA,1,1,NA,1,NA,1,NA,0.79,0.79,NA,0.8,0.77,NA,NA
78,Original_Schelling,70,50,0,70,0,55,1791,0,0.99,0.99,NA,0.99,NA,0.99,NA,1,1,NA,1,NA,1,NA,0.78,0.78,NA,0.77,0.79,NA,NA
79,Original_Schelling,70,50,0,70,0,52,1843,0,1,1,NA,0.99,NA,1,NA,1,1,NA,1,NA,1,NA,0.79,0.79,NA,0.78,0.8,NA,NA
80,Original_Schelling,70,50,0,70,0,57,1811,0,0.99,0.99,NA,0.99,NA,0.99,NA,1,1,NA,1,NA,1,NA,0.79,0.79,NA,0.78,0.81,NA,NA
81,Original_Schelling,70,50,0,80,0,1000,1815,1410,0.56,0.56,NA,0.56,NA,0.56,NA,1,1,NA,1,NA,1,NA,0.7,0.7,NA,0.7,0.71,NA,NA
82,Original_Schelling,70,50,0,80,0,1000,1794,1401,0.56,0.56,NA,0.56,NA,0.55,NA,1,1,NA,1,NA,1,NA,0.7,0.7,NA,0.69,0.71,NA,NA
83,Original_Schelling,70,50,0,80,0,1000,1778,1334,0.57,0.57,NA,0.56,NA,0.58,NA,1,1,NA,1,NA,1,NA,0.7,0.7,NA,0.7,0.69,NA,NA
84,Original_Schelling,70,50,0,80,0,1000,1775,1367,0.56,0.56,NA,0.55,NA,0.57,NA,1,1,NA,1,NA,1,NA,0.68,0.68,NA,0.68,0.68,NA,NA
85,Original_Schelling,70,50,0,80,0,1000,1836,1377,0.57,0.57,NA,0.56,NA,0.58,NA,1,1,NA,1,NA,1,NA,0.71,0.71,NA,0.7,0.71,NA,NA
86,Original_Schelling,70,50,0,80,0,1000,1807,1470,0.54,0.54,NA,0.53,NA,0.54,NA,1,1,NA,1,NA,1,NA,0.7,0.7,NA,0.71,0.7,NA,NA
87,Original_Schelling,70,50,0,80,0,1000,1824,1489,0.54,0.54,NA,0.54,NA,0.53,NA,1,1,NA,1,NA,1,NA,0.71,0.71,NA,0.71,0.71,NA,NA
88,Original_Schelling,70,50,0,80,0,1000,1776,1377,0.57,0.57,NA,0.55,NA,0.58,NA,1,1,NA,1,NA,1,NA,0.7,0.7,NA,0.69,0.71,NA,NA
89,Original_Schelling,70,50,0,80,0,1000,1797,1445,0.54,0.54,NA,0.54,NA,0.54,NA,1,1,NA,1,NA,1,NA,0.69,0.69,NA,0.69,0.69,NA,NA
90,Original_Schelling,70,50,0,80,0,1000,1793,1425,0.55,0.55,NA,0.55,NA,0.55,NA,1,1,NA,1,NA,1,NA,0.7,0.7,NA,0.7,0.7,NA,NA
91,Original_Schelling,70,50,0,90,0,1000,1831,1774,0.5,0.5,NA,0.53,NA,0.47,NA,1,1,NA,1,NA,1,NA,0.71,0.71,NA,0.71,0.71,NA,NA
92,Original_Schelling,70,50,0,90,0,1000,1829,1762,0.51,0.51,NA,0.52,NA,0.5,NA,1,1,NA,1,NA,1,NA,0.71,0.71,NA,0.7,0.71,NA,NA
93,Original_Schelling,70,50,0,90,0,1000,1795,1736,0.5,0.5,NA,0.5,NA,0.49,NA,1,1,NA,1,NA,1,NA,0.69,0.69,NA,0.69,0.69,NA,NA
94,Original_Schelling,70,50,0,90,0,1000,1801,1744,0.5,0.5,NA,0.51,NA,0.5,NA,1,1,NA,1,NA,1,NA,0.7,0.7,NA,0.7,0.7,NA,NA
95,Original_Schelling,70,50,0,90,0,1000,1840,1796,0.5,0.5,NA,0.49,NA,0.51,NA,1,1,NA,1,NA,1,NA,0.71,0.71,NA,0.7,0.71,NA,NA
96,Original_Schelling,70,50,0,90,0,1000,1805,1750,0.49,0.49,NA,0.5,NA,0.48,NA,1,1,NA,1,NA,1,NA,0.69,0.69,NA,0.7,0.68,NA,NA
97,Original_Schelling,70,50,0,90,0,1000,1832,1783,0.49,0.49,NA,0.48,NA,0.51,NA,1,1,NA,1,NA,1,NA,0.71,0.71,NA,0.71,0.71,NA,NA
98,Original_Schelling,70,50,0,90,0,1000,1835,1770,0.51,0.51,NA,0.51,NA,0.51,NA,1,1,NA,1,NA,1,NA,0.71,0.71,NA,0.72,0.7,NA,NA
99,Original_Schelling,70,50,0,90,0,1000,1832,1770,0.51,0.51,NA,0.51,NA,0.5,NA,1,1,NA,1,NA,1,NA,0.7,0.7,NA,0.7,0.71,NA,NA
100,Original_Schelling,70,50,0,90,0,1000,1840,1776,0.51,0.51,NA,0.53,NA,0.49,NA,1,1,NA,1,NA,1,NA,0.71,0.71,NA,0.71,0.71,NA,NA
101,Original_Schelling,70,50,0,100,0,1000,1810,1736,0.51,0.51,NA,0.52,NA,0.5,NA,1,1,NA,1,NA,1,NA,0.7,0.7,NA,0.7,0.7,NA,NA
102,Original_Schelling,70,50,0,100,0,1000,1837,1782,0.5,0.5,NA,0.49,NA,0.52,NA,1,1,NA,1,NA,1,NA,0.71,0.71,NA,0.71,0.71,NA,NA
103,Original_Schelling,70,50,0,100,0,1000,1808,1756,0.5,0.5,NA,0.48,NA,0.52,NA,1,1,NA,1,NA,1,NA,0.69,0.69,NA,0.69,0.7,NA,NA
104,Original_Schelling,70,50,0,100,0,1000,1785,1729,0.5,0.5,NA,0.47,NA,0.53,NA,1,1,NA,1,NA,1,NA,0.7,0.7,NA,0.69,0.7,NA,NA
105,Original_Schelling,70,50,0,100,0,1000,1829,1783,0.5,0.5,NA,0.5,NA,0.51,NA,1,1,NA,1,NA,1,NA,0.71,0.71,NA,0.71,0.71,NA,NA
106,Original_Schelling,70,50,0,100,0,1000,1821,1760,0.51,0.51,NA,0.54,NA,0.48,NA,1,1,NA,1,NA,1,NA,0.7,0.7,NA,0.7,0.71,NA,NA
107,Original_Schelling,70,50,0,100,0,1000,1793,1738,0.51,0.51,NA,0.5,NA,0.53,NA,1,1,NA,1,NA,1,NA,0.69,0.69,NA,0.69,0.69,NA,NA
108,Original_Schelling,70,50,0,100,0,1000,1832,1773,0.51,0.51,NA,0.51,NA,0.5,NA,1,1,NA,1,NA,1,NA,0.7,0.7,NA,0.71,0.7,NA,NA
109,Original_Schelling,70,50,0,100,0,1000,1837,1776,0.49,0.49,NA,0.49,NA,0.49,NA,1,1,NA,1,NA,1,NA,0.71,0.71,NA,0.71,0.71,NA,NA
110,Original_Schelling,70,50,0,100,0,1000,1813,1753,0.49,0.49,NA,0.5,NA,0.49,NA,1,1,NA,1,NA,1,NA,0.7,0.7,NA,0.69,0.71,NA,NA
111,Original_Schelling,70,60,0,0,0,0,1795,0,0.51,0.51,NA,0.57,NA,0.43,NA,1,1,NA,1,NA,1,NA,0.69,0.69,NA,0.69,0.69,NA,NA
112,Original_Schelling,70,60,0,0,0,0,1845,0,0.54,0.54,NA,0.62,NA,0.4,NA,1,1,NA,1,NA,1,NA,0.71,0.71,NA,0.71,0.7,NA,NA
113,Original_Schelling,70,60,0,0,0,0,1825,0,0.52,0.52,NA,0.59,NA,0.4,NA,1,1,NA,1,NA,1,NA,0.7,0.7,NA,0.7,0.71,NA,NA
114,Original_Schelling,70,60,0,0,0,0,1842,0,0.51,0.51,NA,0.6,NA,0.39,NA,1,1,NA,1,NA,1,NA,0.71,0.71,NA,0.71,0.7,NA,NA
115,Original_Schelling,70,60,0,0,0,0,1811,0,0.52,0.52,NA,0.58,NA,0.42,NA,1,1,NA,1,NA,1,NA,0.7,0.7,NA,0.7,0.7,NA,NA
116,Original_Schelling,70,60,0,0,0,0,1831,0,0.52,0.52,NA,0.61,NA,0.4,NA,1,1,NA,1,NA,1,NA,0.7,0.7,NA,0.7,0.71,NA,NA
117,Original_Schelling,70,60,0,0,0,0,1806,0,0.51,0.51,NA,0.6,NA,0.39,NA,1,1,NA,1,NA,1,NA,0.69,0.69,NA,0.69,0.69,NA,NA
118,Original_Schelling,70,60,0,0,0,0,1808,0,0.53,0.53,NA,0.61,NA,0.4,NA,1,1,NA,1,NA,1,NA,0.7,0.7,NA,0.7,0.7,NA,NA
119,Original_Schelling,70,60,0,0,0,0,1776,0,0.51,0.51,NA,0.58,NA,0.42,NA,1,1,NA,1,NA,1,NA,0.68,0.68,NA,0.67,0.68,NA,NA
120,Original_Schelling,70,60,0,0,0,0,1786,0,0.52,0.52,NA,0.6,NA,0.39,NA,1,1,NA,1,NA,1,NA,0.69,0.69,NA,0.69,0.69,NA,NA
121,Original_Schelling,70,60,0,10,0,5,1843,0,0.57,0.57,NA,0.65,NA,0.46,NA,1,1,NA,1,NA,1,NA,0.71,0.71,NA,0.71,0.72,NA,NA
122,Original_Schelling,70,60,0,10,0,4,1796,0,0.55,0.55,NA,0.63,NA,0.44,NA,1,1,NA,1,NA,1,NA,0.7,0.7,NA,0.69,0.72,NA,NA
123,Original_Schelling,70,60,0,10,0,2,1819,0,0.55,0.55,NA,0.62,NA,0.44,NA,1,1,NA,1,NA,1,NA,0.7,0.7,NA,0.7,0.71,NA,NA
124,Original_Schelling,70,60,0,10,0,4,1815,0,0.56,0.56,NA,0.62,NA,0.47,NA,1,1,NA,1,NA,1,NA,0.71,0.71,NA,0.69,0.72,NA,NA
125,Original_Schelling,70,60,0,10,0,2,1801,0,0.55,0.55,NA,0.61,NA,0.45,NA,1,1,NA,1,NA,1,NA,0.7,0.7,NA,0.69,0.71,NA,NA
126,Original_Schelling,70,60,0,10,0,5,1849,0,0.55,0.55,NA,0.62,NA,0.45,NA,1,1,NA,1,NA,1,NA,0.72,0.72,NA,0.72,0.73,NA,NA
127,Original_Schelling,70,60,0,10,0,3,1827,0,0.56,0.56,NA,0.63,NA,0.46,NA,1,1,NA,1,NA,1,NA,0.71,0.71,NA,0.7,0.72,NA,NA
128,Original_Schelling,70,60,0,10,0,6,1836,0,0.55,0.55,NA,0.61,NA,0.46,NA,1,1,NA,1,NA,1,NA,0.71,0.71,NA,0.7,0.72,NA,NA
129,Original_Schelling,70,60,0,10,0,3,1789,0,0.57,0.57,NA,0.64,NA,0.45,NA,1,1,NA,1,NA,1,NA,0.7,0.7,NA,0.69,0.71,NA,NA
130,Original_Schelling,70,60,0,10,0,3,1819,0,0.55,0.55,NA,0.62,NA,0.43,NA,1,1,NA,1,NA,1,NA,0.7,0.7,NA,0.69,0.72,NA,NA
131,Original_Schelling,70,60,0,20,0,6,1840,0,0.62,0.62,NA,0.68,NA,0.52,NA,1,1,NA,1,NA,1,NA,0.71,0.71,NA,0.69,0.73,NA,NA
132,Original_Schelling,70,60,0,20,0,7,1799,0,0.63,0.63,NA,0.7,NA,0.51,NA,1,1,NA,1,NA,1,NA,0.69,0.69,NA,0.67,0.71,NA,NA
133,Original_Schelling,70,60,0,20,0,6,1771,0,0.62,0.62,NA,0.67,NA,0.54,NA,1,1,NA,1,NA,1,NA,0.68,0.68,NA,0.67,0.7,NA,NA
134,Original_Schelling,70,60,0,20,0,8,1791,0,0.64,0.64,NA,0.71,NA,0.53,NA,1,1,NA,1,NA,1,NA,0.69,0.69,NA,0.67,0.72,NA,NA
135,Original_Schelling,70,60,0,20,0,9,1810,0,0.62,0.62,NA,0.68,NA,0.52,NA,1,1,NA,1,NA,1,NA,0.7,0.7,NA,0.68,0.73,NA,NA
136,Original_Schelling,70,60,0,20,0,7,1839,0,0.61,0.61,NA,0.67,NA,0.53,NA,1,1,NA,1,NA,1,NA,0.7,0.7,NA,0.68,0.74,NA,NA
137,Original_Schelling,70,60,0,20,0,8,1815,0,0.62,0.62,NA,0.69,NA,0.51,NA,1,1,NA,1,NA,1,NA,0.7,0.7,NA,0.68,0.72,NA,NA
138,Original_Schelling,70,60,0,20,0,7,1823,0,0.6,0.6,NA,0.66,NA,0.51,NA,1,1,NA,1,NA,1,NA,0.7,0.7,NA,0.69,0.73,NA,NA
139,Original_Schelling,70,60,0,20,0,8,1819,0,0.61,0.61,NA,0.68,NA,0.51,NA,1,1,NA,1,NA,1,NA,0.7,0.7,NA,0.68,0.72,NA,NA
140,Original_Schelling,70,60,0,20,0,11,1843,0,0.61,0.61,NA,0.68,NA,0.51,NA,1,1,NA,1,NA,1,NA,0.71,0.71,NA,0.69,0.74,NA,NA
141,Original_Schelling,70,60,0,30,0,14,1788,0,0.76,0.76,NA,0.79,NA,0.71,NA,1,1,NA,1,NA,1,NA,0.7,0.7,NA,0.67,0.73,NA,NA
142,Original_Schelling,70,60,0,30,0,14,1822,0,0.74,0.74,NA,0.77,NA,0.68,NA,1,1,NA,1,NA,1,NA,0.71,0.71,NA,0.68,0.75,NA,NA
143,Original_Schelling,70,60,0,30,0,22,1828,0,0.77,0.77,NA,0.81,NA,0.69,NA,1,1,NA,1,NA,1,NA,0.71,0.71,NA,0.69,0.74,NA,NA
144,Original_Schelling,70,60,0,30,0,11,1769,0,0.75,0.75,NA,0.79,NA,0.69,NA,1,1,NA,1,NA,1,NA,0.68,0.68,NA,0.66,0.72,NA,NA
145,Original_Schelling,70,60,0,30,0,21,1826,0,0.78,0.78,NA,0.81,NA,0.71,NA,1,1,NA,1,NA,1,NA,0.71,0.71,NA,0.67,0.77,NA,NA
146,Original_Schelling,70,60,0,30,0,19,1825,0,0.75,0.75,NA,0.79,NA,0.69,NA,1,1,NA,1,NA,1,NA,0.71,0.71,NA,0.67,0.77,NA,NA
147,Original_Schelling,70,60,0,30,0,19,1838,0,0.75,0.75,NA,0.79,NA,0.69,NA,1,1,NA,1,NA,1,NA,0.71,0.71,NA,0.68,0.75,NA,NA
148,Original_Schelling,70,60,0,30,0,13,1862,0,0.74,0.74,NA,0.77,NA,0.7,NA,1,1,NA,1,NA,1,NA,0.72,0.72,NA,0.71,0.74,NA,NA
149,Original_Schelling,70,60,0,30,0,15,1834,0,0.74,0.74,NA,0.78,NA,0.68,NA,1,1,NA,1,NA,1,NA,0.71,0.71,NA,0.68,0.74,NA,NA
150,Original_Schelling,70,60,0,30,0,13,1785,0,0.76,0.76,NA,0.8,NA,0.7,NA,1,1,NA,1,NA,1,NA,0.69,0.69,NA,0.67,0.71,NA,NA
151,Original_Schelling,70,60,0,40,0,16,1797,0,0.83,0.83,NA,0.85,NA,0.8,NA,1,1,NA,1,NA,1,NA,0.7,0.7,NA,0.68,0.73,NA,NA
152,Original_Schelling,70,60,0,40,0,22,1845,0,0.81,0.81,NA,0.84,NA,0.77,NA,1,1,NA,1,NA,1,NA,0.72,0.72,NA,0.7,0.75,NA,NA
153,Original_Schelling,70,60,0,40,0,12,1811,0,0.82,0.82,NA,0.85,NA,0.79,NA,1,1,NA,1,NA,1,NA,0.7,0.7,NA,0.69,0.73,NA,NA
154,Original_Schelling,70,60,0,40,0,15,1816,0,0.82,0.82,NA,0.85,NA,0.78,NA,1,1,NA,1,NA,1,NA,0.7,0.7,NA,0.68,0.74,NA,NA
155,Original_Schelling,70,60,0,40,0,24,1831,0,0.84,0.84,NA,0.87,NA,0.8,NA,1,1,NA,1,NA,1,NA,0.71,0.71,NA,0.68,0.75,NA,NA
156,Original_Schelling,70,60,0,40,0,15,1825,0,0.81,0.81,NA,0.84,NA,0.78,NA,1,1,NA,1,NA,1,NA,0.7,0.7,NA,0.68,0.74,NA,NA
157,Original_Schelling,70,60,0,40,0,12,1822,0,0.82,0.82,NA,0.84,NA,0.78,NA,1,1,NA,1,NA,1,NA,0.7,0.7,NA,0.68,0.75,NA,NA
158,Original_Schelling,70,60,0,40,0,17,1810,0,0.81,0.81,NA,0.85,NA,0.76,NA,1,1,NA,1,NA,1,NA,0.7,0.7,NA,0.68,0.74,NA,NA
159,Original_Schelling,70,60,0,40,0,18,1828,0,0.81,0.81,NA,0.84,NA,0.76,NA,1,1,NA,1,NA,1,NA,0.71,0.71,NA,0.69,0.74,NA,NA
160,Original_Schelling,70,60,0,40,0,15,1794,0,0.83,0.83,NA,0.86,NA,0.79,NA,1,1,NA,1,NA,1,NA,0.7,0.7,NA,0.68,0.73,NA,NA
161,Original_Schelling,70,60,0,50,0,19,1856,0,0.88,0.88,NA,0.9,NA,0.86,NA,1,1,NA,1,NA,1,NA,0.73,0.73,NA,0.71,0.76,NA,NA
162,Original_Schelling,70,60,0,50,0,18,1769,0,0.88,0.88,NA,0.9,NA,0.85,NA,1,1,NA,1,NA,1,NA,0.69,0.69,NA,0.68,0.71,NA,NA
163,Original_Schelling,70,60,0,50,0,24,1828,0,0.89,0.89,NA,0.91,NA,0.86,NA,1,1,NA,1,NA,1,NA,0.72,0.72,NA,0.71,0.74,NA,NA
164,Original_Schelling,70,60,0,50,0,21,1776,0,0.88,0.88,NA,0.9,NA,0.85,NA,1,1,NA,1,NA,1,NA,0.7,0.7,NA,0.68,0.73,NA,NA
165,Original_Schelling,70,60,0,50,0,22,1844,0,0.89,0.89,NA,0.91,NA,0.87,NA,1,1,NA,1,NA,1,NA,0.72,0.72,NA,0.71,0.74,NA,NA
166,Original_Schelling,70,60,0,50,0,18,1817,0,0.87,0.87,NA,0.89,NA,0.84,NA,1,1,NA,1,NA,1,NA,0.71,0.71,NA,0.7,0.74,NA,NA
167,Original_Schelling,70,60,0,50,0,23,1809,0,0.89,0.89,NA,0.91,NA,0.86,NA,1,1,NA,1,NA,1,NA,0.7,0.7,NA,0.7,0.71,NA,NA
168,Original_Schelling,70,60,0,50,0,30,1808,0,0.89,0.89,NA,0.91,NA,0.86,NA,1,1,NA,1,NA,1,NA,0.71,0.71,NA,0.69,0.73,NA,NA
169,Original_Schelling,70,60,0,50,0,17,1795,0,0.88,0.88,NA,0.9,NA,0.85,NA,1,1,NA,1,NA,1,NA,0.7,0.7,NA,0.69,0.71,NA,NA
170,Original_Schelling,70,60,0,50,0,23,1804,0,0.89,0.89,NA,0.91,NA,0.86,NA,1,1,NA,1,NA,1,NA,0.71,0.71,NA,0.69,0.73,NA,NA
171,Original_Schelling,70,60,0,60,0,34,1826,0,0.96,0.96,NA,0.96,NA,0.94,NA,1,1,NA,1,NA,1,NA,0.74,0.74,NA,0.75,0.72,NA,NA
172,Original_Schelling,70,60,0,60,0,43,1846,0,0.96,0.96,NA,0.96,NA,0.94,NA,1,1,NA,1,NA,1,NA,0.74,0.74,NA,0.75,0.73,NA,NA
173,Original_Schelling,70,60,0,60,0,32,1832,0,0.96,0.96,NA,0.97,NA,0.95,NA,1,1,NA,1,NA,1,NA,0.74,0.74,NA,0.76,0.73,NA,NA
174,Original_Schelling,70,60,0,60,0,27,1834,0,0.96,0.96,NA,0.97,NA,0.95,NA,1,1,NA,1,NA,1,NA,0.73,0.73,NA,0.73,0.73,NA,NA
175,Original_Schelling,70,60,0,60,0,25,1827,0,0.95,0.95,NA,0.96,NA,0.95,NA,1,1,NA,1,NA,1,NA,0.74,0.74,NA,0.73,0.75,NA,NA
176,Original_Schelling,70,60,0,60,0,54,1801,0,0.95,0.95,NA,0.96,NA,0.94,NA,1,1,NA,1,NA,1,NA,0.72,0.72,NA,0.74,0.7,NA,NA
177,Original_Schelling,70,60,0,60,0,27,1820,0,0.96,0.96,NA,0.96,NA,0.95,NA,1,1,NA,1,NA,1,NA,0.74,0.74,NA,0.75,0.73,NA,NA
178,Original_Schelling,70,60,0,60,0,41,1827,0,0.96,0.96,NA,0.97,NA,0.95,NA,1,1,NA,1,NA,1,NA,0.74,0.74,NA,0.75,0.72,NA,NA
179,Original_Schelling,70,60,0,60,0,35,1841,0,0.96,0.96,NA,0.97,NA,0.95,NA,1,1,NA,1,NA,1,NA,0.75,0.75,NA,0.76,0.72,NA,NA
180,Original_Schelling,70,60,0,60,0,28,1815,0,0.96,0.96,NA,0.97,NA,0.95,NA,1,1,NA,1,NA,1,NA,0.73,0.73,NA,0.74,0.73,NA,NA
181,Original_Schelling,70,60,0,70,0,69,1798,0,1,1,NA,1,NA,1,NA,1,1,NA,1,NA,1,NA,0.8,0.8,NA,0.81,0.77,NA,NA
182,Original_Schelling,70,60,0,70,0,63,1786,0,1,1,NA,1,NA,0.99,NA,1,1,NA,1,NA,1,NA,0.78,0.78,NA,0.81,0.73,NA,NA
183,Original_Schelling,70,60,0,70,0,52,1861,0,1,1,NA,1,NA,0.99,NA,1,1,NA,1,NA,1,NA,0.8,0.8,NA,0.83,0.76,NA,NA
184,Original_Schelling,70,60,0,70,0,51,1799,0,1,1,NA,1,NA,0.99,NA,1,1,NA,1,NA,1,NA,0.79,0.79,NA,0.81,0.75,NA,NA
185,Original_Schelling,70,60,0,70,0,51,1809,0,1,1,NA,1,NA,1,NA,1,1,NA,1,NA,1,NA,0.79,0.79,NA,0.82,0.75,NA,NA
186,Original_Schelling,70,60,0,70,0,64,1808,0,1,1,NA,1,NA,0.99,NA,1,1,NA,1,NA,1,NA,0.79,0.79,NA,0.81,0.75,NA,NA
187,Original_Schelling,70,60,0,70,0,48,1847,0,1,1,NA,1,NA,0.99,NA,1,1,NA,1,NA,1,NA,0.8,0.8,NA,0.83,0.76,NA,NA
188,Original_Schelling,70,60,0,70,0,69,1826,0,0.99,0.99,NA,1,NA,0.99,NA,1,1,NA,1,NA,1,NA,0.79,0.79,NA,0.82,0.75,NA,NA
189,Original_Schelling,70,60,0,70,0,74,1831,0,1,1,NA,1,NA,1,NA,1,1,NA,1,NA,1,NA,0.81,0.81,NA,0.83,0.78,NA,NA
190,Original_Schelling,70,60,0,70,0,73,1811,0,0.99,0.99,NA,0.99,NA,0.99,NA,1,1,NA,1,NA,1,NA,0.8,0.8,NA,0.82,0.76,NA,NA
191,Original_Schelling,70,60,0,80,0,1000,1827,1376,0.58,0.58,NA,0.65,NA,0.47,NA,1,1,NA,1,NA,1,NA,0.71,0.71,NA,0.73,0.69,NA,NA
192,Original_Schelling,70,60,0,80,0,1000,1846,1433,0.56,0.56,NA,0.64,NA,0.46,NA,1,1,NA,1,NA,1,NA,0.72,0.72,NA,0.74,0.69,NA,NA
193,Original_Schelling,70,60,0,80,0,1000,1817,1340,0.58,0.58,NA,0.65,NA,0.48,NA,1,1,NA,1,NA,1,NA,0.71,0.71,NA,0.72,0.68,NA,NA
194,Original_Schelling,70,60,0,80,0,1000,1818,1304,0.59,0.59,NA,0.66,NA,0.49,NA,1,1,NA,1,NA,1,NA,0.71,0.71,NA,0.73,0.68,NA,NA
195,Original_Schelling,70,60,0,80,0,1000,1787,1308,0.58,0.58,NA,0.66,NA,0.45,NA,1,1,NA,1,NA,1,NA,0.7,0.7,NA,0.71,0.68,NA,NA
196,Original_Schelling,70,60,0,80,0,1000,1825,1408,0.56,0.56,NA,0.63,NA,0.47,NA,1,1,NA,1,NA,1,NA,0.71,0.71,NA,0.72,0.69,NA,NA
197,Original_Schelling,70,60,0,80,0,1000,1821,1413,0.56,0.56,NA,0.63,NA,0.47,NA,1,1,NA,1,NA,1,NA,0.71,0.71,NA,0.73,0.68,NA,NA
198,Original_Schelling,70,60,0,80,0,1000,1826,1396,0.56,0.56,NA,0.63,NA,0.45,NA,1,1,NA,1,NA,1,NA,0.71,0.71,NA,0.72,0.7,NA,NA
199,Original_Schelling,70,60,0,80,0,1000,1778,1196,0.61,0.61,NA,0.69,NA,0.5,NA,1,1,NA,1,NA,1,NA,0.7,0.7,NA,0.73,0.67,NA,NA
200,Original_Schelling,70,60,0,80,0,1000,1813,1386,0.56,0.56,NA,0.63,NA,0.47,NA,1,1,NA,1,NA,1,NA,0.7,0.7,NA,0.72,0.68,NA,NA
201,Original_Schelling,70,60,0,90,0,1000,1822,1719,0.52,0.52,NA,0.59,NA,0.42,NA,1,1,NA,1,NA,1,NA,0.7,0.7,NA,0.7,0.7,NA,NA
202,Original_Schelling,70,60,0,90,0,1000,1798,1716,0.52,0.52,NA,0.6,NA,0.4,NA,1,1,NA,1,NA,1,NA,0.7,0.7,NA,0.7,0.69,NA,NA
203,Original_Schelling,70,60,0,90,0,1000,1820,1739,0.51,0.51,NA,0.57,NA,0.43,NA,1,1,NA,1,NA,1,NA,0.7,0.7,NA,0.7,0.7,NA,NA
204,Original_Schelling,70,60,0,90,0,1000,1815,1703,0.53,0.53,NA,0.6,NA,0.43,NA,1,1,NA,1,NA,1,NA,0.7,0.7,NA,0.7,0.69,NA,NA
205,Original_Schelling,70,60,0,90,0,1000,1870,1778,0.52,0.52,NA,0.6,NA,0.42,NA,1,1,NA,1,NA,1,NA,0.72,0.72,NA,0.73,0.72,NA,NA
206,Original_Schelling,70,60,0,90,0,1000,1839,1737,0.53,0.53,NA,0.62,NA,0.4,NA,1,1,NA,1,NA,1,NA,0.71,0.71,NA,0.71,0.72,NA,NA
207,Original_Schelling,70,60,0,90,0,1000,1791,1687,0.52,0.52,NA,0.59,NA,0.4,NA,1,1,NA,1,NA,1,NA,0.69,0.69,NA,0.69,0.69,NA,NA
208,Original_Schelling,70,60,0,90,0,1000,1825,1749,0.52,0.52,NA,0.6,NA,0.39,NA,1,1,NA,1,NA,1,NA,0.7,0.7,NA,0.7,0.69,NA,NA
209,Original_Schelling,70,60,0,90,0,1000,1793,1707,0.52,0.52,NA,0.6,NA,0.4,NA,1,1,NA,1,NA,1,NA,0.69,0.69,NA,0.69,0.7,NA,NA
210,Original_Schelling,70,60,0,90,0,1000,1835,1783,0.51,0.51,NA,0.58,NA,0.41,NA,1,1,NA,1,NA,1,NA,0.71,0.71,NA,0.7,0.71,NA,NA
211,Original_Schelling,70,60,0,100,0,1000,1854,1778,0.51,0.51,NA,0.58,NA,0.43,NA,1,1,NA,1,NA,1,NA,0.71,0.71,NA,0.72,0.71,NA,NA
212,Original_Schelling,70,60,0,100,0,1000,1818,1759,0.51,0.51,NA,0.58,NA,0.4,NA,1,1,NA,1,NA,1,NA,0.7,0.7,NA,0.71,0.69,NA,NA
213,Original_Schelling,70,60,0,100,0,1000,1788,1676,0.53,0.53,NA,0.61,NA,0.39,NA,1,1,NA,1,NA,1,NA,0.69,0.69,NA,0.69,0.68,NA,NA
214,Original_Schelling,70,60,0,100,0,1000,1812,1735,0.52,0.52,NA,0.6,NA,0.39,NA,1,1,NA,1,NA,1,NA,0.7,0.7,NA,0.7,0.7,NA,NA
215,Original_Schelling,70,60,0,100,0,1000,1812,1724,0.53,0.53,NA,0.61,NA,0.41,NA,1,1,NA,1,NA,1,NA,0.7,0.7,NA,0.7,0.7,NA,NA
216,Original_Schelling,70,60,0,100,0,1000,1841,1745,0.52,0.52,NA,0.59,NA,0.42,NA,1,1,NA,1,NA,1,NA,0.71,0.71,NA,0.71,0.71,NA,NA
217,Original_Schelling,70,60,0,100,0,1000,1816,1733,0.52,0.52,NA,0.59,NA,0.41,NA,1,1,NA,1,NA,1,NA,0.7,0.7,NA,0.7,0.7,NA,NA
218,Original_Schelling,70,60,0,100,0,1000,1794,1712,0.53,0.53,NA,0.6,NA,0.42,NA,1,1,NA,1,NA,1,NA,0.69,0.69,NA,0.69,0.69,NA,NA
219,Original_Schelling,70,60,0,100,0,1000,1789,1666,0.54,0.54,NA,0.63,NA,0.39,NA,1,1,NA,1,NA,1,NA,0.69,0.69,NA,0.69,0.68,NA,NA
220,Original_Schelling,70,60,0,100,0,1000,1817,1732,0.52,0.52,NA,0.61,NA,0.37,NA,1,1,NA,1,NA,1,NA,0.7,0.7,NA,0.71,0.69,NA,NA
221,Original_Schelling,70,70,0,0,0,0,1831,0,0.61,0.61,NA,0.73,NA,0.29,NA,1,1,NA,1,NA,1,NA,0.7,0.7,NA,0.7,0.71,NA,NA
222,Original_Schelling,70,70,0,0,0,0,1845,0,0.58,0.58,NA,0.7,NA,0.3,NA,1,1,NA,1,NA,1,NA,0.71,0.71,NA,0.71,0.7,NA,NA
223,Original_Schelling,70,70,0,0,0,0,1825,0,0.57,0.57,NA,0.69,NA,0.29,NA,1,1,NA,1,NA,1,NA,0.7,0.7,NA,0.7,0.7,NA,NA
224,Original_Schelling,70,70,0,0,0,0,1857,0,0.59,0.59,NA,0.71,NA,0.28,NA,1,1,NA,1,NA,1,NA,0.72,0.72,NA,0.72,0.72,NA,NA
225,Original_Schelling,70,70,0,0,0,0,1792,0,0.57,0.57,NA,0.69,NA,0.3,NA,1,1,NA,1,NA,1,NA,0.69,0.69,NA,0.69,0.69,NA,NA
226,Original_Schelling,70,70,0,0,0,0,1795,0,0.59,0.59,NA,0.71,NA,0.28,NA,1,1,NA,1,NA,1,NA,0.69,0.69,NA,0.69,0.68,NA,NA
227,Original_Schelling,70,70,0,0,0,0,1819,0,0.57,0.57,NA,0.69,NA,0.29,NA,1,1,NA,1,NA,1,NA,0.7,0.7,NA,0.7,0.7,NA,NA
228,Original_Schelling,70,70,0,0,0,0,1840,0,0.58,0.58,NA,0.7,NA,0.3,NA,1,1,NA,1,NA,1,NA,0.7,0.7,NA,0.7,0.71,NA,NA
229,Original_Schelling,70,70,0,0,0,0,1804,0,0.58,0.58,NA,0.7,NA,0.29,NA,1,1,NA,1,NA,1,NA,0.7,0.7,NA,0.7,0.69,NA,NA
230,Original_Schelling,70,70,0,0,0,0,1806,0,0.58,0.58,NA,0.7,NA,0.3,NA,1,1,NA,1,NA,1,NA,0.69,0.69,NA,0.7,0.69,NA,NA
231,Original_Schelling,70,70,0,10,0,6,1822,0,0.61,0.61,NA,0.71,NA,0.4,NA,1,1,NA,1,NA,1,NA,0.71,0.71,NA,0.69,0.75,NA,NA
232,Original_Schelling,70,70,0,10,0,5,1809,0,0.6,0.6,NA,0.7,NA,0.37,NA,1,1,NA,1,NA,1,NA,0.7,0.7,NA,0.68,0.73,NA,NA
233,Original_Schelling,70,70,0,10,0,6,1821,0,0.64,0.64,NA,0.74,NA,0.37,NA,1,1,NA,1,NA,1,NA,0.71,0.71,NA,0.69,0.75,NA,NA
234,Original_Schelling,70,70,0,10,0,5,1816,0,0.66,0.66,NA,0.76,NA,0.38,NA,1,1,NA,1,NA,1,NA,0.71,0.71,NA,0.7,0.74,NA,NA
235,Original_Schelling,70,70,0,10,0,5,1828,0,0.65,0.65,NA,0.75,NA,0.38,NA,1,1,NA,1,NA,1,NA,0.71,0.71,NA,0.69,0.76,NA,NA
236,Original_Schelling,70,70,0,10,0,6,1801,0,0.63,0.63,NA,0.73,NA,0.39,NA,1,1,NA,1,NA,1,NA,0.7,0.7,NA,0.68,0.74,NA,NA
237,Original_Schelling,70,70,0,10,0,5,1813,0,0.63,0.63,NA,0.74,NA,0.4,NA,1,1,NA,1,NA,1,NA,0.7,0.7,NA,0.69,0.74,NA,NA
238,Original_Schelling,70,70,0,10,0,4,1789,0,0.63,0.63,NA,0.73,NA,0.41,NA,1,1,NA,1,NA,1,NA,0.69,0.69,NA,0.68,0.72,NA,NA
239,Original_Schelling,70,70,0,10,0,6,1825,0,0.62,0.62,NA,0.72,NA,0.38,NA,1,1,NA,1,NA,1,NA,0.71,0.71,NA,0.69,0.75,NA,NA
240,Original_Schelling,70,70,0,10,0,4,1806,0,0.61,0.61,NA,0.71,NA,0.38,NA,1,1,NA,1,NA,1,NA,0.7,0.7,NA,0.69,0.74,NA,NA
241,Original_Schelling,70,70,0,20,0,11,1784,0,0.68,0.68,NA,0.76,NA,0.49,NA,1,1,NA,1,NA,1,NA,0.68,0.68,NA,0.67,0.72,NA,NA
242,Original_Schelling,70,70,0,20,0,11,1816,0,0.67,0.67,NA,0.76,NA,0.46,NA,1,1,NA,1,NA,1,NA,0.7,0.7,NA,0.68,0.76,NA,NA
243,Original_Schelling,70,70,0,20,0,13,1790,0,0.68,0.68,NA,0.77,NA,0.47,NA,1,1,NA,1,NA,1,NA,0.68,0.68,NA,0.66,0.74,NA,NA
244,Original_Schelling,70,70,0,20,0,14,1880,0,0.68,0.68,NA,0.77,NA,0.47,NA,1,1,NA,1,NA,1,NA,0.72,0.72,NA,0.7,0.78,NA,NA
245,Original_Schelling,70,70,0,20,0,13,1824,0,0.68,0.68,NA,0.77,NA,0.47,NA,1,1,NA,1,NA,1,NA,0.7,0.7,NA,0.68,0.74,NA,NA
246,Original_Schelling,70,70,0,20,0,12,1774,0,0.68,0.68,NA,0.77,NA,0.47,NA,1,1,NA,1,NA,1,NA,0.67,0.67,NA,0.65,0.72,NA,NA
247,Original_Schelling,70,70,0,20,0,10,1887,0,0.68,0.68,NA,0.77,NA,0.49,NA,1,1,NA,1,NA,1,NA,0.73,0.73,NA,0.7,0.78,NA,NA
248,Original_Schelling,70,70,0,20,0,17,1799,0,0.68,0.68,NA,0.77,NA,0.47,NA,1,1,NA,1,NA,1,NA,0.69,0.69,NA,0.66,0.76,NA,NA
249,Original_Schelling,70,70,0,20,0,11,1864,0,0.69,0.69,NA,0.77,NA,0.5,NA,1,1,NA,1,NA,1,NA,0.71,0.71,NA,0.69,0.77,NA,NA
250,Original_Schelling,70,70,0,20,0,6,1853,0,0.65,0.65,NA,0.74,NA,0.49,NA,1,1,NA,1,NA,1,NA,0.71,0.71,NA,0.69,0.76,NA,NA
251,Original_Schelling,70,70,0,30,0,21,1802,0,0.79,0.79,NA,0.84,NA,0.65,NA,1,1,NA,1,NA,1,NA,0.69,0.69,NA,0.66,0.76,NA,NA
252,Original_Schelling,70,70,0,30,0,19,1802,0,0.79,0.79,NA,0.84,NA,0.65,NA,1,1,NA,1,NA,1,NA,0.69,0.69,NA,0.66,0.78,NA,NA
253,Original_Schelling,70,70,0,30,0,29,1837,0,0.79,0.79,NA,0.84,NA,0.67,NA,1,1,NA,1,NA,1,NA,0.7,0.7,NA,0.67,0.79,NA,NA
254,Original_Schelling,70,70,0,30,0,20,1828,0,0.77,0.77,NA,0.82,NA,0.64,NA,1,1,NA,1,NA,1,NA,0.71,0.71,NA,0.67,0.78,NA,NA
255,Original_Schelling,70,70,0,30,0,23,1818,0,0.78,0.78,NA,0.83,NA,0.66,NA,1,1,NA,1,NA,1,NA,0.7,0.7,NA,0.66,0.79,NA,NA
256,Original_Schelling,70,70,0,30,0,27,1819,0,0.79,0.79,NA,0.85,NA,0.67,NA,1,1,NA,1,NA,1,NA,0.71,0.71,NA,0.67,0.8,NA,NA
257,Original_Schelling,70,70,0,30,0,17,1800,0,0.78,0.78,NA,0.84,NA,0.66,NA,1,1,NA,1,NA,1,NA,0.69,0.69,NA,0.66,0.77,NA,NA
258,Original_Schelling,70,70,0,30,0,23,1809,0,0.79,0.79,NA,0.85,NA,0.66,NA,1,1,NA,1,NA,1,NA,0.7,0.7,NA,0.65,0.8,NA,NA
259,Original_Schelling,70,70,0,30,0,21,1853,0,0.79,0.79,NA,0.85,NA,0.67,NA,1,1,NA,1,NA,1,NA,0.71,0.71,NA,0.67,0.8,NA,NA
260,Original_Schelling,70,70,0,30,0,21,1816,0,0.79,0.79,NA,0.84,NA,0.65,NA,1,1,NA,1,NA,1,NA,0.7,0.7,NA,0.67,0.77,NA,NA
261,Original_Schelling,70,70,0,40,0,25,1784,0,0.85,0.85,NA,0.89,NA,0.76,NA,1,1,NA,1,NA,1,NA,0.69,0.69,NA,0.66,0.76,NA,NA
262,Original_Schelling,70,70,0,40,0,29,1812,0,0.85,0.85,NA,0.89,NA,0.76,NA,1,1,NA,1,NA,1,NA,0.7,0.7,NA,0.66,0.77,NA,NA
263,Original_Schelling,70,70,0,40,0,28,1825,0,0.84,0.84,NA,0.88,NA,0.74,NA,1,1,NA,1,NA,1,NA,0.71,0.71,NA,0.68,0.77,NA,NA
264,Original_Schelling,70,70,0,40,0,26,1836,0,0.85,0.85,NA,0.89,NA,0.75,NA,1,1,NA,1,NA,1,NA,0.71,0.71,NA,0.68,0.79,NA,NA
265,Original_Schelling,70,70,0,40,0,24,1804,0,0.85,0.85,NA,0.89,NA,0.75,NA,1,1,NA,1,NA,1,NA,0.7,0.7,NA,0.67,0.77,NA,NA
266,Original_Schelling,70,70,0,40,0,30,1814,0,0.86,0.86,NA,0.89,NA,0.77,NA,1,1,NA,1,NA,1,NA,0.7,0.7,NA,0.66,0.8,NA,NA
267,Original_Schelling,70,70,0,40,0,42,1885,0,0.85,0.85,NA,0.89,NA,0.76,NA,1,1,NA,1,NA,1,NA,0.73,0.73,NA,0.69,0.83,NA,NA
268,Original_Schelling,70,70,0,40,0,26,1765,0,0.85,0.85,NA,0.89,NA,0.76,NA,1,1,NA,1,NA,1,NA,0.68,0.68,NA,0.65,0.75,NA,NA
269,Original_Schelling,70,70,0,40,0,20,1779,0,0.86,0.86,NA,0.9,NA,0.76,NA,1,1,NA,1,NA,1,NA,0.69,0.69,NA,0.67,0.76,NA,NA
270,Original_Schelling,70,70,0,40,0,27,1861,0,0.84,0.84,NA,0.88,NA,0.76,NA,1,1,NA,1,NA,1,NA,0.72,0.72,NA,0.69,0.78,NA,NA
271,Original_Schelling,70,70,0,50,0,31,1817,0,0.9,0.9,NA,0.93,NA,0.84,NA,1,1,NA,1,NA,1,NA,0.71,0.71,NA,0.69,0.74,NA,NA
272,Original_Schelling,70,70,0,50,0,30,1840,0,0.89,0.89,NA,0.92,NA,0.81,NA,1,1,NA,1,NA,1,NA,0.71,0.71,NA,0.7,0.74,NA,NA
273,Original_Schelling,70,70,0,50,0,30,1803,0,0.9,0.9,NA,0.93,NA,0.83,NA,1,1,NA,1,NA,1,NA,0.71,0.71,NA,0.69,0.74,NA,NA
274,Original_Schelling,70,70,0,50,0,23,1831,0,0.89,0.89,NA,0.92,NA,0.82,NA,1,1,NA,1,NA,1,NA,0.71,0.71,NA,0.7,0.75,NA,NA
275,Original_Schelling,70,70,0,50,0,28,1838,0,0.89,0.89,NA,0.92,NA,0.82,NA,1,1,NA,1,NA,1,NA,0.71,0.71,NA,0.71,0.73,NA,NA
276,Original_Schelling,70,70,0,50,0,33,1856,0,0.88,0.88,NA,0.92,NA,0.8,NA,1,1,NA,1,NA,1,NA,0.72,0.72,NA,0.7,0.77,NA,NA
277,Original_Schelling,70,70,0,50,0,32,1837,0,0.9,0.9,NA,0.93,NA,0.82,NA,1,1,NA,1,NA,1,NA,0.72,0.72,NA,0.71,0.74,NA,NA
278,Original_Schelling,70,70,0,50,0,28,1813,0,0.89,0.89,NA,0.92,NA,0.82,NA,1,1,NA,1,NA,1,NA,0.71,0.71,NA,0.69,0.74,NA,NA
279,Original_Schelling,70,70,0,50,0,25,1857,0,0.9,0.9,NA,0.93,NA,0.84,NA,1,1,NA,1,NA,1,NA,0.73,0.73,NA,0.72,0.74,NA,NA
280,Original_Schelling,70,70,0,50,0,33,1810,0,0.91,0.91,NA,0.94,NA,0.84,NA,1,1,NA,1,NA,1,NA,0.71,0.71,NA,0.68,0.76,NA,NA
281,Original_Schelling,70,70,0,60,0,39,1827,0,0.96,0.96,NA,0.97,NA,0.93,NA,1,1,NA,1,NA,1,NA,0.73,0.73,NA,0.75,0.7,NA,NA
282,Original_Schelling,70,70,0,60,0,34,1836,0,0.96,0.96,NA,0.97,NA,0.94,NA,1,1,NA,1,NA,1,NA,0.74,0.74,NA,0.76,0.7,NA,NA
283,Original_Schelling,70,70,0,60,0,29,1818,0,0.96,0.96,NA,0.97,NA,0.93,NA,1,1,NA,1,NA,1,NA,0.75,0.75,NA,0.76,0.71,NA,NA
284,Original_Schelling,70,70,0,60,0,45,1876,0,0.97,0.97,NA,0.98,NA,0.94,NA,1,1,NA,1,NA,1,NA,0.76,0.76,NA,0.77,0.73,NA,NA
285,Original_Schelling,70,70,0,60,0,56,1853,0,0.97,0.97,NA,0.98,NA,0.94,NA,1,1,NA,1,NA,1,NA,0.75,0.75,NA,0.76,0.72,NA,NA
286,Original_Schelling,70,70,0,60,0,37,1822,0,0.96,0.96,NA,0.97,NA,0.93,NA,1,1,NA,1,NA,1,NA,0.74,0.74,NA,0.74,0.72,NA,NA
287,Original_Schelling,70,70,0,60,0,28,1786,0,0.96,0.96,NA,0.97,NA,0.94,NA,1,1,NA,1,NA,1,NA,0.72,0.72,NA,0.74,0.68,NA,NA
288,Original_Schelling,70,70,0,60,0,27,1821,0,0.96,0.96,NA,0.97,NA,0.93,NA,1,1,NA,1,NA,1,NA,0.74,0.74,NA,0.75,0.7,NA,NA
289,Original_Schelling,70,70,0,60,0,35,1831,0,0.96,0.96,NA,0.97,NA,0.93,NA,1,1,NA,1,NA,1,NA,0.74,0.74,NA,0.74,0.73,NA,NA
290,Original_Schelling,70,70,0,60,0,29,1817,0,0.97,0.97,NA,0.98,NA,0.95,NA,1,1,NA,1,NA,1,NA,0.74,0.74,NA,0.76,0.69,NA,NA
291,Original_Schelling,70,70,0,70,0,60,1825,0,0.99,0.99,NA,1,NA,0.99,NA,1,1,NA,1,NA,1,NA,0.8,0.8,NA,0.83,0.72,NA,NA
292,Original_Schelling,70,70,0,70,0,46,1830,0,0.99,0.99,NA,1,NA,0.99,NA,1,1,NA,1,NA,1,NA,0.8,0.8,NA,0.83,0.73,NA,NA
293,Original_Schelling,70,70,0,70,0,60,1814,0,0.99,0.99,NA,1,NA,0.99,NA,1,1,NA,1,NA,1,NA,0.8,0.8,NA,0.84,0.71,NA,NA
294,Original_Schelling,70,70,0,70,0,76,1808,0,0.99,0.99,NA,1,NA,0.99,NA,1,1,NA,1,NA,1,NA,0.8,0.8,NA,0.83,0.74,NA,NA
295,Original_Schelling,70,70,0,70,0,56,1851,0,0.99,0.99,NA,1,NA,0.99,NA,1,1,NA,1,NA,1,NA,0.81,0.81,NA,0.83,0.75,NA,NA
296,Original_Schelling,70,70,0,70,0,66,1817,0,0.99,0.99,NA,1,NA,0.99,NA,1,1,NA,1,NA,1,NA,0.8,0.8,NA,0.83,0.73,NA,NA
297,Original_Schelling,70,70,0,70,0,51,1826,0,0.99,0.99,NA,1,NA,0.99,NA,1,1,NA,1,NA,1,NA,0.8,0.8,NA,0.83,0.72,NA,NA
298,Original_Schelling,70,70,0,70,0,52,1841,0,1,1,NA,1,NA,0.99,NA,1,1,NA,1,NA,1,NA,0.81,0.81,NA,0.85,0.71,NA,NA
299,Original_Schelling,70,70,0,70,0,56,1817,0,0.99,0.99,NA,1,NA,0.99,NA,1,1,NA,1,NA,1,NA,0.81,0.81,NA,0.84,0.72,NA,NA
300,Original_Schelling,70,70,0,70,0,48,1838,0,1,1,NA,1,NA,0.99,NA,1,1,NA,1,NA,1,NA,0.8,0.8,NA,0.83,0.74,NA,NA
301,Original_Schelling,70,70,0,80,0,1000,1797,972,0.68,0.68,NA,0.78,NA,0.45,NA,1,1,NA,1,NA,1,NA,0.73,0.73,NA,0.78,0.61,NA,NA
302,Original_Schelling,70,70,0,80,0,1000,1835,926,0.7,0.7,NA,0.8,NA,0.47,NA,1,1,NA,1,NA,1,NA,0.75,0.75,NA,0.8,0.63,NA,NA
303,Original_Schelling,70,70,0,80,0,1000,1804,874,0.72,0.72,NA,0.8,NA,0.51,NA,1,1,NA,1,NA,1,NA,0.75,0.75,NA,0.8,0.61,NA,NA
304,Original_Schelling,70,70,0,80,0,1000,1832,936,0.69,0.69,NA,0.79,NA,0.45,NA,1,1,NA,1,NA,1,NA,0.74,0.74,NA,0.79,0.62,NA,NA
305,Original_Schelling,70,70,0,80,0,1000,1847,1080,0.66,0.66,NA,0.76,NA,0.46,NA,1,1,NA,1,NA,1,NA,0.74,0.74,NA,0.78,0.66,NA,NA
306,Original_Schelling,70,70,0,80,0,1000,1819,1082,0.65,0.65,NA,0.75,NA,0.45,NA,1,1,NA,1,NA,1,NA,0.74,0.74,NA,0.78,0.65,NA,NA
307,Original_Schelling,70,70,0,80,0,1000,1816,1076,0.65,0.65,NA,0.75,NA,0.42,NA,1,1,NA,1,NA,1,NA,0.73,0.73,NA,0.77,0.64,NA,NA
308,Original_Schelling,70,70,0,80,0,1000,1804,955,0.69,0.69,NA,0.78,NA,0.47,NA,1,1,NA,1,NA,1,NA,0.73,0.73,NA,0.78,0.63,NA,NA
309,Original_Schelling,70,70,0,80,0,1000,1811,933,0.7,0.7,NA,0.79,NA,0.51,NA,1,1,NA,1,NA,1,NA,0.74,0.74,NA,0.78,0.63,NA,NA
310,Original_Schelling,70,70,0,80,0,1000,1814,1017,0.67,0.67,NA,0.77,NA,0.44,NA,1,1,NA,1,NA,1,NA,0.73,0.73,NA,0.76,0.64,NA,NA
311,Original_Schelling,70,70,0,90,0,1000,1835,1627,0.58,0.58,NA,0.7,NA,0.3,NA,1,1,NA,1,NA,1,NA,0.71,0.71,NA,0.72,0.69,NA,NA
312,Original_Schelling,70,70,0,90,0,1000,1818,1610,0.58,0.58,NA,0.7,NA,0.34,NA,1,1,NA,1,NA,1,NA,0.7,0.7,NA,0.7,0.68,NA,NA
313,Original_Schelling,70,70,0,90,0,1000,1863,1633,0.6,0.6,NA,0.73,NA,0.3,NA,1,1,NA,1,NA,1,NA,0.72,0.72,NA,0.73,0.71,NA,NA
314,Original_Schelling,70,70,0,90,0,1000,1792,1556,0.6,0.6,NA,0.72,NA,0.32,NA,1,1,NA,1,NA,1,NA,0.7,0.7,NA,0.7,0.69,NA,NA
315,Original_Schelling,70,70,0,90,0,1000,1787,1637,0.56,0.56,NA,0.68,NA,0.31,NA,1,1,NA,1,NA,1,NA,0.69,0.69,NA,0.7,0.68,NA,NA
316,Original_Schelling,70,70,0,90,0,1000,1812,1621,0.58,0.58,NA,0.7,NA,0.3,NA,1,1,NA,1,NA,1,NA,0.71,0.71,NA,0.71,0.7,NA,NA
317,Original_Schelling,70,70,0,90,0,1000,1850,1668,0.57,0.57,NA,0.69,NA,0.3,NA,1,1,NA,1,NA,1,NA,0.71,0.71,NA,0.72,0.69,NA,NA
318,Original_Schelling,70,70,0,90,0,1000,1830,1652,0.58,0.58,NA,0.7,NA,0.32,NA,1,1,NA,1,NA,1,NA,0.71,0.71,NA,0.71,0.69,NA,NA
319,Original_Schelling,70,70,0,90,0,1000,1822,1613,0.58,0.58,NA,0.7,NA,0.3,NA,1,1,NA,1,NA,1,NA,0.71,0.71,NA,0.71,0.7,NA,NA
320,Original_Schelling,70,70,0,90,0,1000,1789,1617,0.57,0.57,NA,0.68,NA,0.32,NA,1,1,NA,1,NA,1,NA,0.69,0.69,NA,0.7,0.68,NA,NA
321,Original_Schelling,70,70,0,100,0,1000,1785,1554,0.6,0.6,NA,0.72,NA,0.31,NA,1,1,NA,1,NA,1,NA,0.69,0.69,NA,0.7,0.67,NA,NA
322,Original_Schelling,70,70,0,100,0,1000,1847,1579,0.6,0.6,NA,0.73,NA,0.29,NA,1,1,NA,1,NA,1,NA,0.72,0.72,NA,0.73,0.69,NA,NA
323,Original_Schelling,70,70,0,100,0,1000,1856,1542,0.62,0.62,NA,0.74,NA,0.3,NA,1,1,NA,1,NA,1,NA,0.72,0.72,NA,0.72,0.71,NA,NA
324,Original_Schelling,70,70,0,100,0,1000,1819,1552,0.61,0.61,NA,0.73,NA,0.3,NA,1,1,NA,1,NA,1,NA,0.7,0.7,NA,0.71,0.68,NA,NA
325,Original_Schelling,70,70,0,100,0,1000,1830,1560,0.6,0.6,NA,0.73,NA,0.29,NA,1,1,NA,1,NA,1,NA,0.7,0.7,NA,0.71,0.69,NA,NA
326,Original_Schelling,70,70,0,100,0,1000,1844,1630,0.59,0.59,NA,0.71,NA,0.31,NA,1,1,NA,1,NA,1,NA,0.71,0.71,NA,0.72,0.7,NA,NA
327,Original_Schelling,70,70,0,100,0,1000,1815,1592,0.59,0.59,NA,0.71,NA,0.33,NA,1,1,NA,1,NA,1,NA,0.71,0.71,NA,0.71,0.7,NA,NA
328,Original_Schelling,70,70,0,100,0,1000,1832,1648,0.58,0.58,NA,0.69,NA,0.32,NA,1,1,NA,1,NA,1,NA,0.71,0.71,NA,0.72,0.69,NA,NA
329,Original_Schelling,70,70,0,100,0,1000,1831,1639,0.58,0.58,NA,0.69,NA,0.34,NA,1,1,NA,1,NA,1,NA,0.7,0.7,NA,0.71,0.68,NA,NA
330,Original_Schelling,70,70,0,100,0,1000,1823,1621,0.58,0.58,NA,0.71,NA,0.29,NA,1,1,NA,1,NA,1,NA,0.7,0.7,NA,0.71,0.69,NA,NA
331,Original_Schelling,70,80,0,0,0,0,1822,0,0.7,0.7,NA,0.81,NA,0.2,NA,1,1,NA,1,NA,1,NA,0.7,0.7,NA,0.7,0.7,NA,NA
332,Original_Schelling,70,80,0,0,0,0,1808,0,0.69,0.69,NA,0.81,NA,0.22,NA,1,1,NA,1,NA,1,NA,0.69,0.69,NA,0.69,0.69,NA,NA
333,Original_Schelling,70,80,0,0,0,0,1797,0,0.67,0.67,NA,0.79,NA,0.19,NA,1,1,NA,1,NA,1,NA,0.69,0.69,NA,0.69,0.7,NA,NA
334,Original_Schelling,70,80,0,0,0,0,1806,0,0.68,0.68,NA,0.8,NA,0.2,NA,1,1,NA,1,NA,1,NA,0.7,0.7,NA,0.7,0.71,NA,NA
335,Original_Schelling,70,80,0,0,0,0,1813,0,0.68,0.68,NA,0.8,NA,0.19,NA,1,1,NA,1,NA,1,NA,0.7,0.7,NA,0.7,0.7,NA,NA
336,Original_Schelling,70,80,0,0,0,0,1827,0,0.67,0.67,NA,0.79,NA,0.2,NA,1,1,NA,1,NA,1,NA,0.7,0.7,NA,0.7,0.7,NA,NA
337,Original_Schelling,70,80,0,0,0,0,1777,0,0.7,0.7,NA,0.81,NA,0.21,NA,1,1,NA,1,NA,1,NA,0.68,0.68,NA,0.69,0.67,NA,NA
338,Original_Schelling,70,80,0,0,0,0,1842,0,0.68,0.68,NA,0.8,NA,0.21,NA,1,1,NA,1,NA,1,NA,0.71,0.71,NA,0.7,0.72,NA,NA
339,Original_Schelling,70,80,0,0,0,0,1774,0,0.69,0.69,NA,0.81,NA,0.21,NA,1,1,NA,1,NA,1,NA,0.68,0.68,NA,0.68,0.67,NA,NA
340,Original_Schelling,70,80,0,0,0,0,1821,0,0.67,0.67,NA,0.79,NA,0.23,NA,1,1,NA,1,NA,1,NA,0.7,0.7,NA,0.7,0.71,NA,NA
341,Original_Schelling,70,80,0,10,0,9,1845,0,0.7,0.7,NA,0.8,NA,0.32,NA,1,1,NA,1,NA,1,NA,0.71,0.71,NA,0.7,0.78,NA,NA
342,Original_Schelling,70,80,0,10,0,11,1805,0,0.72,0.72,NA,0.82,NA,0.31,NA,1,1,NA,1,NA,1,NA,0.7,0.7,NA,0.68,0.75,NA,NA
343,Original_Schelling,70,80,0,10,0,16,1775,0,0.74,0.74,NA,0.83,NA,0.34,NA,1,1,NA,1,NA,1,NA,0.68,0.68,NA,0.67,0.74,NA,NA
344,Original_Schelling,70,80,0,10,0,10,1841,0,0.73,0.73,NA,0.83,NA,0.32,NA,1,1,NA,1,NA,1,NA,0.72,0.72,NA,0.7,0.78,NA,NA
345,Original_Schelling,70,80,0,10,0,11,1827,0,0.73,0.73,NA,0.83,NA,0.33,NA,1,1,NA,1,NA,1,NA,0.71,0.71,NA,0.69,0.78,NA,NA
346,Original_Schelling,70,80,0,10,0,11,1854,0,0.72,0.72,NA,0.82,NA,0.33,NA,1,1,NA,1,NA,1,NA,0.71,0.71,NA,0.7,0.76,NA,NA
347,Original_Schelling,70,80,0,10,0,10,1807,0,0.72,0.72,NA,0.82,NA,0.34,NA,1,1,NA,1,NA,1,NA,0.7,0.7,NA,0.69,0.76,NA,NA
348,Original_Schelling,70,80,0,10,0,7,1809,0,0.73,0.73,NA,0.83,NA,0.32,NA,1,1,NA,1,NA,1,NA,0.7,0.7,NA,0.69,0.77,NA,NA
349,Original_Schelling,70,80,0,10,0,9,1828,0,0.73,0.73,NA,0.83,NA,0.31,NA,1,1,NA,1,NA,1,NA,0.72,0.72,NA,0.7,0.78,NA,NA
350,Original_Schelling,70,80,0,10,0,10,1865,0,0.74,0.74,NA,0.83,NA,0.33,NA,1,1,NA,1,NA,1,NA,0.72,0.72,NA,0.71,0.79,NA,NA
351,Original_Schelling,70,80,0,20,0,17,1788,0,0.78,0.78,NA,0.86,NA,0.45,NA,1,1,NA,1,NA,1,NA,0.68,0.68,NA,0.66,0.76,NA,NA
352,Original_Schelling,70,80,0,20,0,19,1856,0,0.75,0.75,NA,0.84,NA,0.45,NA,1,1,NA,1,NA,1,NA,0.71,0.71,NA,0.69,0.8,NA,NA
353,Original_Schelling,70,80,0,20,0,16,1805,0,0.76,0.76,NA,0.84,NA,0.45,NA,1,1,NA,1,NA,1,NA,0.69,0.69,NA,0.67,0.78,NA,NA
354,Original_Schelling,70,80,0,20,0,19,1813,0,0.78,0.78,NA,0.86,NA,0.42,NA,1,1,NA,1,NA,1,NA,0.69,0.69,NA,0.67,0.79,NA,NA
355,Original_Schelling,70,80,0,20,0,25,1816,0,0.77,0.77,NA,0.85,NA,0.45,NA,1,1,NA,1,NA,1,NA,0.69,0.69,NA,0.67,0.77,NA,NA
356,Original_Schelling,70,80,0,20,0,20,1817,0,0.75,0.75,NA,0.83,NA,0.43,NA,1,1,NA,1,NA,1,NA,0.69,0.69,NA,0.67,0.77,NA,NA
357,Original_Schelling,70,80,0,20,0,21,1839,0,0.76,0.76,NA,0.84,NA,0.44,NA,1,1,NA,1,NA,1,NA,0.7,0.7,NA,0.68,0.78,NA,NA
358,Original_Schelling,70,80,0,20,0,26,1842,0,0.78,0.78,NA,0.86,NA,0.45,NA,1,1,NA,1,NA,1,NA,0.7,0.7,NA,0.67,0.84,NA,NA
359,Original_Schelling,70,80,0,20,0,19,1831,0,0.77,0.77,NA,0.85,NA,0.45,NA,1,1,NA,1,NA,1,NA,0.7,0.7,NA,0.68,0.78,NA,NA
360,Original_Schelling,70,80,0,20,0,30,1843,0,0.78,0.78,NA,0.86,NA,0.45,NA,1,1,NA,1,NA,1,NA,0.7,0.7,NA,0.68,0.8,NA,NA
361,Original_Schelling,70,80,0,30,0,97,1831,0,0.85,0.85,NA,0.9,NA,0.64,NA,1,1,NA,1,NA,1,NA,0.71,0.71,NA,0.67,0.87,NA,NA
362,Original_Schelling,70,80,0,30,0,68,1866,0,0.84,0.84,NA,0.9,NA,0.63,NA,1,1,NA,1,NA,1,NA,0.72,0.72,NA,0.68,0.86,NA,NA
363,Original_Schelling,70,80,0,30,0,49,1834,0,0.87,0.87,NA,0.91,NA,0.67,NA,1,1,NA,1,NA,1,NA,0.71,0.71,NA,0.67,0.86,NA,NA
364,Original_Schelling,70,80,0,30,0,47,1826,0,0.86,0.86,NA,0.91,NA,0.64,NA,1,1,NA,1,NA,1,NA,0.71,0.71,NA,0.68,0.83,NA,NA
365,Original_Schelling,70,80,0,30,0,46,1811,0,0.84,0.84,NA,0.89,NA,0.63,NA,1,1,NA,1,NA,1,NA,0.7,0.7,NA,0.66,0.83,NA,NA
366,Original_Schelling,70,80,0,30,0,52,1813,0,0.86,0.86,NA,0.91,NA,0.63,NA,1,1,NA,1,NA,1,NA,0.7,0.7,NA,0.67,0.87,NA,NA
367,Original_Schelling,70,80,0,30,0,67,1779,0,0.86,0.86,NA,0.91,NA,0.66,NA,1,1,NA,1,NA,1,NA,0.68,0.68,NA,0.65,0.82,NA,NA
368,Original_Schelling,70,80,0,30,0,39,1821,0,0.85,0.85,NA,0.9,NA,0.64,NA,1,1,NA,1,NA,1,NA,0.7,0.7,NA,0.67,0.85,NA,NA
369,Original_Schelling,70,80,0,30,0,52,1783,0,0.85,0.85,NA,0.9,NA,0.66,NA,1,1,NA,1,NA,1,NA,0.69,0.69,NA,0.65,0.85,NA,NA
370,Original_Schelling,70,80,0,30,0,51,1810,0,0.84,0.84,NA,0.89,NA,0.64,NA,1,1,NA,1,NA,1,NA,0.7,0.7,NA,0.67,0.83,NA,NA
371,Original_Schelling,70,80,0,40,0,55,1839,0,0.88,0.88,NA,0.92,NA,0.73,NA,1,1,NA,1,NA,1,NA,0.71,0.71,NA,0.68,0.84,NA,NA
372,Original_Schelling,70,80,0,40,0,70,1843,0,0.88,0.88,NA,0.92,NA,0.75,NA,1,1,NA,1,NA,1,NA,0.72,0.72,NA,0.68,0.85,NA,NA
373,Original_Schelling,70,80,0,40,0,60,1794,0,0.88,0.88,NA,0.92,NA,0.72,NA,1,1,NA,1,NA,1,NA,0.7,0.7,NA,0.67,0.85,NA,NA
374,Original_Schelling,70,80,0,40,0,45,1832,0,0.89,0.89,NA,0.93,NA,0.75,NA,1,1,NA,1,NA,1,NA,0.71,0.71,NA,0.68,0.82,NA,NA
375,Original_Schelling,70,80,0,40,0,56,1806,0,0.89,0.89,NA,0.93,NA,0.74,NA,1,1,NA,1,NA,1,NA,0.7,0.7,NA,0.67,0.81,NA,NA
376,Original_Schelling,70,80,0,40,0,95,1853,0,0.89,0.89,NA,0.93,NA,0.74,NA,1,1,NA,1,NA,1,NA,0.72,0.72,NA,0.69,0.84,NA,NA
377,Original_Schelling,70,80,0,40,0,77,1822,0,0.89,0.89,NA,0.93,NA,0.74,NA,1,1,NA,1,NA,1,NA,0.71,0.71,NA,0.67,0.86,NA,NA
378,Original_Schelling,70,80,0,40,0,97,1793,0,0.9,0.9,NA,0.93,NA,0.73,NA,1,1,NA,1,NA,1,NA,0.7,0.7,NA,0.67,0.83,NA,NA
379,Original_Schelling,70,80,0,40,0,58,1821,0,0.9,0.9,NA,0.93,NA,0.75,NA,1,1,NA,1,NA,1,NA,0.71,0.71,NA,0.67,0.84,NA,NA
380,Original_Schelling,70,80,0,40,0,69,1814,0,0.89,0.89,NA,0.93,NA,0.74,NA,1,1,NA,1,NA,1,NA,0.7,0.7,NA,0.68,0.82,NA,NA
381,Original_Schelling,70,80,0,50,0,52,1833,0,0.93,0.93,NA,0.96,NA,0.82,NA,1,1,NA,1,NA,1,NA,0.71,0.71,NA,0.69,0.79,NA,NA
382,Original_Schelling,70,80,0,50,0,60,1836,0,0.92,0.92,NA,0.95,NA,0.81,NA,1,1,NA,1,NA,1,NA,0.72,0.72,NA,0.7,0.78,NA,NA
383,Original_Schelling,70,80,0,50,0,70,1833,0,0.93,0.93,NA,0.95,NA,0.81,NA,1,1,NA,1,NA,1,NA,0.71,0.71,NA,0.69,0.81,NA,NA
384,Original_Schelling,70,80,0,50,0,65,1819,0,0.93,0.93,NA,0.95,NA,0.8,NA,1,1,NA,1,NA,1,NA,0.71,0.71,NA,0.7,0.78,NA,NA
385,Original_Schelling,70,80,0,50,0,52,1821,0,0.92,0.92,NA,0.95,NA,0.81,NA,1,1,NA,1,NA,1,NA,0.71,0.71,NA,0.69,0.78,NA,NA
386,Original_Schelling,70,80,0,50,0,46,1837,0,0.92,0.92,NA,0.95,NA,0.8,NA,1,1,NA,1,NA,1,NA,0.72,0.72,NA,0.7,0.81,NA,NA
387,Original_Schelling,70,80,0,50,0,58,1829,0,0.94,0.94,NA,0.96,NA,0.82,NA,1,1,NA,1,NA,1,NA,0.71,0.71,NA,0.69,0.79,NA,NA
388,Original_Schelling,70,80,0,50,0,57,1869,0,0.93,0.93,NA,0.95,NA,0.82,NA,1,1,NA,1,NA,1,NA,0.73,0.73,NA,0.71,0.8,NA,NA
389,Original_Schelling,70,80,0,50,0,59,1835,0,0.92,0.92,NA,0.95,NA,0.81,NA,1,1,NA,1,NA,1,NA,0.72,0.72,NA,0.7,0.81,NA,NA
390,Original_Schelling,70,80,0,50,0,74,1814,0,0.93,0.93,NA,0.96,NA,0.82,NA,1,1,NA,1,NA,1,NA,0.71,0.71,NA,0.69,0.8,NA,NA
391,Original_Schelling,70,80,0,60,0,68,1800,0,0.98,0.98,NA,0.99,NA,0.94,NA,1,1,NA,1,NA,1,NA,0.73,0.73,NA,0.73,0.72,NA,NA
392,Original_Schelling,70,80,0,60,0,45,1816,0,0.98,0.98,NA,0.99,NA,0.93,NA,1,1,NA,1,NA,1,NA,0.73,0.73,NA,0.75,0.64,NA,NA
393,Original_Schelling,70,80,0,60,0,51,1813,0,0.97,0.97,NA,0.98,NA,0.93,NA,1,1,NA,1,NA,1,NA,0.73,0.73,NA,0.75,0.67,NA,NA
394,Original_Schelling,70,80,0,60,0,46,1818,0,0.97,0.97,NA,0.98,NA,0.94,NA,1,1,NA,1,NA,1,NA,0.73,0.73,NA,0.74,0.69,NA,NA
395,Original_Schelling,70,80,0,60,0,62,1835,0,0.97,0.97,NA,0.98,NA,0.93,NA,1,1,NA,1,NA,1,NA,0.74,0.74,NA,0.76,0.68,NA,NA
396,Original_Schelling,70,80,0,60,0,68,1787,0,0.97,0.97,NA,0.98,NA,0.93,NA,1,1,NA,1,NA,1,NA,0.72,0.72,NA,0.74,0.65,NA,NA
397,Original_Schelling,70,80,0,60,0,39,1858,0,0.97,0.97,NA,0.98,NA,0.93,NA,1,1,NA,1,NA,1,NA,0.75,0.75,NA,0.76,0.69,NA,NA
398,Original_Schelling,70,80,0,60,0,54,1797,0,0.97,0.97,NA,0.98,NA,0.93,NA,1,1,NA,1,NA,1,NA,0.72,0.72,NA,0.74,0.67,NA,NA
399,Original_Schelling,70,80,0,60,0,48,1821,0,0.97,0.97,NA,0.98,NA,0.93,NA,1,1,NA,1,NA,1,NA,0.73,0.73,NA,0.74,0.69,NA,NA
400,Original_Schelling,70,80,0,60,0,65,1847,0,0.97,0.97,NA,0.98,NA,0.93,NA,1,1,NA,1,NA,1,NA,0.74,0.74,NA,0.75,0.7,NA,NA
401,Original_Schelling,70,80,0,70,0,56,1850,0,1,1,NA,1,NA,0.99,NA,1,1,NA,1,NA,1,NA,0.82,0.82,NA,0.85,0.67,NA,NA
402,Original_Schelling,70,80,0,70,0,58,1846,0,1,1,NA,1,NA,0.99,NA,1,1,NA,1,NA,1,NA,0.81,0.81,NA,0.85,0.63,NA,NA
403,Original_Schelling,70,80,0,70,0,51,1827,0,0.99,0.99,NA,1,NA,0.98,NA,1,1,NA,1,NA,1,NA,0.81,0.81,NA,0.85,0.64,NA,NA
404,Original_Schelling,70,80,0,70,0,57,1843,0,1,1,NA,1,NA,0.99,NA,1,1,NA,1,NA,1,NA,0.8,0.8,NA,0.85,0.62,NA,NA
405,Original_Schelling,70,80,0,70,0,47,1806,0,1,1,NA,1,NA,0.99,NA,1,1,NA,1,NA,1,NA,0.8,0.8,NA,0.84,0.63,NA,NA
406,Original_Schelling,70,80,0,70,0,49,1800,0,1,1,NA,1,NA,0.99,NA,1,1,NA,1,NA,1,NA,0.79,0.79,NA,0.84,0.63,NA,NA
407,Original_Schelling,70,80,0,70,0,46,1774,0,1,1,NA,1,NA,0.99,NA,1,1,NA,1,NA,1,NA,0.79,0.79,NA,0.83,0.61,NA,NA
408,Original_Schelling,70,80,0,70,0,59,1782,0,1,1,NA,1,NA,0.99,NA,1,1,NA,1,NA,1,NA,0.78,0.78,NA,0.81,0.65,NA,NA
409,Original_Schelling,70,80,0,70,0,45,1817,0,1,1,NA,1,NA,0.99,NA,1,1,NA,1,NA,1,NA,0.79,0.79,NA,0.84,0.62,NA,NA
410,Original_Schelling,70,80,0,70,0,48,1800,0,1,1,NA,1,NA,0.99,NA,1,1,NA,1,NA,1,NA,0.8,0.8,NA,0.83,0.65,NA,NA
411,Original_Schelling,70,80,0,80,0,614,1819,0,1,1,NA,1,NA,1,NA,1,1,NA,1,NA,1,NA,0.87,0.87,NA,0.92,0.67,NA,NA
412,Original_Schelling,70,80,0,80,0,282,1826,0,1,1,NA,1,NA,1,NA,1,1,NA,1,NA,1,NA,0.87,0.87,NA,0.91,0.69,NA,NA
413,Original_Schelling,70,80,0,80,0,384,1801,0,1,1,NA,1,NA,1,NA,1,1,NA,1,NA,1,NA,0.87,0.87,NA,0.91,0.71,NA,NA
414,Original_Schelling,70,80,0,80,0,375,1832,0,1,1,NA,1,NA,1,NA,1,1,NA,1,NA,1,NA,0.87,0.87,NA,0.92,0.71,NA,NA
415,Original_Schelling,70,80,0,80,0,445,1825,0,1,1,NA,1,NA,1,NA,1,1,NA,1,NA,1,NA,0.87,0.87,NA,0.91,0.69,NA,NA
416,Original_Schelling,70,80,0,80,0,434,1855,0,1,1,NA,1,NA,1,NA,1,1,NA,1,NA,1,NA,0.88,0.88,NA,0.92,0.72,NA,NA
417,Original_Schelling,70,80,0,80,0,735,1831,0,1,1,NA,1,NA,1,NA,1,1,NA,1,NA,1,NA,0.88,0.88,NA,0.92,0.74,NA,NA
418,Original_Schelling,70,80,0,80,0,463,1864,0,1,1,NA,1,NA,1,NA,1,1,NA,1,NA,1,NA,0.88,0.88,NA,0.92,0.7,NA,NA
419,Original_Schelling,70,80,0,80,0,453,1843,0,1,1,NA,1,NA,1,NA,1,1,NA,1,NA,1,NA,0.88,0.88,NA,0.92,0.7,NA,NA
420,Original_Schelling,70,80,0,80,0,425,1831,0,1,1,NA,1,NA,1,NA,1,1,NA,1,NA,1,NA,0.88,0.88,NA,0.92,0.73,NA,NA
421,Original_Schelling,70,80,0,90,0,1000,1806,1239,0.71,0.71,NA,0.82,NA,0.23,NA,1,1,NA,1,NA,1,NA,0.71,0.71,NA,0.72,0.66,NA,NA
422,Original_Schelling,70,80,0,90,0,1000,1807,1335,0.69,0.69,NA,0.81,NA,0.22,NA,1,1,NA,1,NA,1,NA,0.71,0.71,NA,0.72,0.67,NA,NA
423,Original_Schelling,70,80,0,90,0,1000,1797,1232,0.71,0.71,NA,0.83,NA,0.22,NA,1,1,NA,1,NA,1,NA,0.72,0.72,NA,0.73,0.67,NA,NA
424,Original_Schelling,70,80,0,90,0,1000,1807,1308,0.69,0.69,NA,0.81,NA,0.2,NA,1,1,NA,1,NA,1,NA,0.71,0.71,NA,0.72,0.67,NA,NA
425,Original_Schelling,70,80,0,90,0,1000,1809,1366,0.69,0.69,NA,0.81,NA,0.23,NA,1,1,NA,1,NA,1,NA,0.71,0.71,NA,0.72,0.67,NA,NA
426,Original_Schelling,70,80,0,90,0,1000,1850,1337,0.71,0.71,NA,0.82,NA,0.21,NA,1,1,NA,1,NA,1,NA,0.72,0.72,NA,0.73,0.69,NA,NA
427,Original_Schelling,70,80,0,90,0,1000,1871,1295,0.71,0.71,NA,0.83,NA,0.23,NA,1,1,NA,1,NA,1,NA,0.73,0.73,NA,0.74,0.69,NA,NA
428,Original_Schelling,70,80,0,90,0,1000,1832,1347,0.7,0.7,NA,0.81,NA,0.23,NA,1,1,NA,1,NA,1,NA,0.72,0.72,NA,0.73,0.67,NA,NA
429,Original_Schelling,70,80,0,90,0,1000,1811,1302,0.69,0.69,NA,0.8,NA,0.25,NA,1,1,NA,1,NA,1,NA,0.71,0.71,NA,0.71,0.67,NA,NA
430,Original_Schelling,70,80,0,90,0,1000,1826,1327,0.69,0.69,NA,0.81,NA,0.23,NA,1,1,NA,1,NA,1,NA,0.71,0.71,NA,0.72,0.68,NA,NA
431,Original_Schelling,70,80,0,100,0,1000,1831,1323,0.7,0.7,NA,0.81,NA,0.24,NA,1,1,NA,1,NA,1,NA,0.72,0.72,NA,0.73,0.69,NA,NA
432,Original_Schelling,70,80,0,100,0,1000,1838,1319,0.7,0.7,NA,0.82,NA,0.23,NA,1,1,NA,1,NA,1,NA,0.72,0.72,NA,0.73,0.69,NA,NA
433,Original_Schelling,70,80,0,100,0,1000,1784,1281,0.71,0.71,NA,0.82,NA,0.24,NA,1,1,NA,1,NA,1,NA,0.7,0.7,NA,0.71,0.66,NA,NA
434,Original_Schelling,70,80,0,100,0,1000,1806,1301,0.7,0.7,NA,0.82,NA,0.19,NA,1,1,NA,1,NA,1,NA,0.71,0.71,NA,0.72,0.66,NA,NA
435,Original_Schelling,70,80,0,100,0,1000,1822,1222,0.72,0.72,NA,0.83,NA,0.23,NA,1,1,NA,1,NA,1,NA,0.72,0.72,NA,0.73,0.65,NA,NA
436,Original_Schelling,70,80,0,100,0,1000,1847,1318,0.7,0.7,NA,0.81,NA,0.23,NA,1,1,NA,1,NA,1,NA,0.72,0.72,NA,0.73,0.68,NA,NA
437,Original_Schelling,70,80,0,100,0,1000,1827,1357,0.69,0.69,NA,0.81,NA,0.22,NA,1,1,NA,1,NA,1,NA,0.71,0.71,NA,0.72,0.68,NA,NA
438,Original_Schelling,70,80,0,100,0,1000,1798,1295,0.71,0.71,NA,0.82,NA,0.25,NA,1,1,NA,1,NA,1,NA,0.71,0.71,NA,0.72,0.66,NA,NA
439,Original_Schelling,70,80,0,100,0,1000,1833,1322,0.69,0.69,NA,0.81,NA,0.22,NA,1,1,NA,1,NA,1,NA,0.72,0.72,NA,0.73,0.66,NA,NA
440,Original_Schelling,70,80,0,100,0,1000,1805,1241,0.71,0.71,NA,0.83,NA,0.22,NA,1,1,NA,1,NA,1,NA,0.71,0.71,NA,0.73,0.66,NA,NA
441,Original_Schelling,70,90,0,0,0,0,1845,0,0.81,0.81,NA,0.9,NA,0.13,NA,1,1,NA,1,NA,1,NA,0.71,0.71,NA,0.71,0.7,NA,NA
442,Original_Schelling,70,90,0,0,0,0,1775,0,0.81,0.81,NA,0.9,NA,0.09,NA,1,1,NA,1,NA,1,NA,0.68,0.68,NA,0.68,0.67,NA,NA
443,Original_Schelling,70,90,0,0,0,0,1831,0,0.81,0.81,NA,0.9,NA,0.15,NA,1,1,NA,1,NA,1,NA,0.7,0.7,NA,0.7,0.7,NA,NA
444,Original_Schelling,70,90,0,0,0,0,1821,0,0.81,0.81,NA,0.89,NA,0.11,NA,1,1,NA,1,NA,1,NA,0.7,0.7,NA,0.69,0.73,NA,NA
445,Original_Schelling,70,90,0,0,0,0,1841,0,0.81,0.81,NA,0.9,NA,0.1,NA,1,1,NA,1,NA,1,NA,0.71,0.71,NA,0.71,0.7,NA,NA
446,Original_Schelling,70,90,0,0,0,0,1829,0,0.84,0.84,NA,0.91,NA,0.1,NA,1,1,NA,1,NA,1,NA,0.7,0.7,NA,0.7,0.69,NA,NA
447,Original_Schelling,70,90,0,0,0,0,1785,0,0.82,0.82,NA,0.9,NA,0.08,NA,1,1,NA,1,NA,1,NA,0.68,0.68,NA,0.68,0.68,NA,NA
448,Original_Schelling,70,90,0,0,0,0,1826,0,0.83,0.83,NA,0.91,NA,0.13,NA,1,1,NA,1,NA,1,NA,0.7,0.7,NA,0.7,0.69,NA,NA
449,Original_Schelling,70,90,0,0,0,0,1827,0,0.82,0.82,NA,0.9,NA,0.11,NA,1,1,NA,1,NA,1,NA,0.7,0.7,NA,0.7,0.71,NA,NA
450,Original_Schelling,70,90,0,0,0,0,1821,0,0.82,0.82,NA,0.9,NA,0.12,NA,1,1,NA,1,NA,1,NA,0.7,0.7,NA,0.69,0.71,NA,NA
451,Original_Schelling,70,90,0,10,0,15,1779,0,0.85,0.85,NA,0.92,NA,0.3,NA,1,1,NA,1,NA,1,NA,0.68,0.68,NA,0.68,0.75,NA,NA
452,Original_Schelling,70,90,0,10,0,18,1805,0,0.84,0.84,NA,0.91,NA,0.29,NA,1,1,NA,1,NA,1,NA,0.7,0.7,NA,0.69,0.79,NA,NA
453,Original_Schelling,70,90,0,10,0,18,1837,0,0.85,0.85,NA,0.91,NA,0.3,NA,1,1,NA,1,NA,1,NA,0.71,0.71,NA,0.7,0.79,NA,NA
454,Original_Schelling,70,90,0,10,0,16,1821,0,0.85,0.85,NA,0.92,NA,0.27,NA,1,1,NA,1,NA,1,NA,0.71,0.71,NA,0.7,0.82,NA,NA
455,Original_Schelling,70,90,0,10,0,21,1818,0,0.84,0.84,NA,0.91,NA,0.27,NA,1,1,NA,1,NA,1,NA,0.7,0.7,NA,0.69,0.79,NA,NA
456,Original_Schelling,70,90,0,10,0,17,1838,0,0.85,0.85,NA,0.91,NA,0.27,NA,1,1,NA,1,NA,1,NA,0.71,0.71,NA,0.7,0.8,NA,NA
457,Original_Schelling,70,90,0,10,0,24,1816,0,0.85,0.85,NA,0.91,NA,0.3,NA,1,1,NA,1,NA,1,NA,0.7,0.7,NA,0.69,0.8,NA,NA
458,Original_Schelling,70,90,0,10,0,17,1814,0,0.85,0.85,NA,0.91,NA,0.3,NA,1,1,NA,1,NA,1,NA,0.7,0.7,NA,0.69,0.79,NA,NA
459,Original_Schelling,70,90,0,10,0,12,1827,0,0.85,0.85,NA,0.92,NA,0.28,NA,1,1,NA,1,NA,1,NA,0.7,0.7,NA,0.69,0.81,NA,NA
460,Original_Schelling,70,90,0,10,0,32,1805,0,0.86,0.86,NA,0.92,NA,0.28,NA,1,1,NA,1,NA,1,NA,0.7,0.7,NA,0.69,0.79,NA,NA
461,Original_Schelling,70,90,0,20,0,68,1846,0,0.89,0.89,NA,0.94,NA,0.44,NA,1,1,NA,1,NA,1,NA,0.7,0.7,NA,0.69,0.84,NA,NA
462,Original_Schelling,70,90,0,20,0,47,1815,0,0.89,0.89,NA,0.94,NA,0.42,NA,1,1,NA,1,NA,1,NA,0.69,0.69,NA,0.68,0.75,NA,NA
463,Original_Schelling,70,90,0,20,0,42,1803,0,0.88,0.88,NA,0.93,NA,0.43,NA,1,1,NA,1,NA,1,NA,0.68,0.68,NA,0.67,0.77,NA,NA
464,Original_Schelling,70,90,0,20,0,50,1780,0,0.89,0.89,NA,0.93,NA,0.46,NA,1,1,NA,1,NA,1,NA,0.68,0.68,NA,0.67,0.81,NA,NA
465,Original_Schelling,70,90,0,20,0,110,1818,0,0.9,0.9,NA,0.94,NA,0.47,NA,1,1,NA,1,NA,1,NA,0.7,0.7,NA,0.69,0.83,NA,NA
466,Original_Schelling,70,90,0,20,0,50,1833,0,0.87,0.87,NA,0.93,NA,0.41,NA,1,1,NA,1,NA,1,NA,0.7,0.7,NA,0.69,0.81,NA,NA
467,Original_Schelling,70,90,0,20,0,51,1825,0,0.88,0.88,NA,0.93,NA,0.45,NA,1,1,NA,1,NA,1,NA,0.7,0.7,NA,0.68,0.82,NA,NA
468,Original_Schelling,70,90,0,20,0,33,1851,0,0.89,0.89,NA,0.94,NA,0.41,NA,1,1,NA,1,NA,1,NA,0.71,0.71,NA,0.7,0.78,NA,NA
469,Original_Schelling,70,90,0,20,0,44,1860,0,0.89,0.89,NA,0.94,NA,0.42,NA,1,1,NA,1,NA,1,NA,0.71,0.71,NA,0.7,0.83,NA,NA
470,Original_Schelling,70,90,0,20,0,32,1802,0,0.89,0.89,NA,0.94,NA,0.4,NA,1,1,NA,1,NA,1,NA,0.68,0.68,NA,0.68,0.75,NA,NA
471,Original_Schelling,70,90,0,30,0,158,1824,0,0.92,0.92,NA,0.95,NA,0.64,NA,1,1,NA,1,NA,1,NA,0.7,0.7,NA,0.68,0.9,NA,NA
472,Original_Schelling,70,90,0,30,0,250,1813,0,0.93,0.93,NA,0.96,NA,0.66,NA,1,1,NA,1,NA,1,NA,0.7,0.7,NA,0.68,0.9,NA,NA
473,Original_Schelling,70,90,0,30,0,234,1824,0,0.92,0.92,NA,0.96,NA,0.61,NA,1,1,NA,1,NA,1,NA,0.7,0.7,NA,0.68,0.9,NA,NA
474,Original_Schelling,70,90,0,30,0,273,1796,0,0.91,0.91,NA,0.95,NA,0.61,NA,1,1,NA,1,NA,1,NA,0.69,0.69,NA,0.67,0.9,NA,NA
475,Original_Schelling,70,90,0,30,0,270,1829,0,0.92,0.92,NA,0.96,NA,0.64,NA,1,1,NA,1,NA,1,NA,0.71,0.71,NA,0.69,0.91,NA,NA
476,Original_Schelling,70,90,0,30,0,525,1840,0,0.92,0.92,NA,0.95,NA,0.62,NA,1,1,NA,1,NA,1,NA,0.71,0.71,NA,0.69,0.92,NA,NA
477,Original_Schelling,70,90,0,30,0,256,1839,0,0.92,0.92,NA,0.95,NA,0.64,NA,1,1,NA,1,NA,1,NA,0.71,0.71,NA,0.68,0.91,NA,NA
478,Original_Schelling,70,90,0,30,0,1000,1826,1,0.92,0.92,NA,0.95,NA,0.6,NA,1,1,NA,1,NA,1,NA,0.7,0.7,NA,0.68,0.93,NA,NA
479,Original_Schelling,70,90,0,30,0,973,1800,0,0.93,0.93,NA,0.96,NA,0.64,NA,1,1,NA,1,NA,1,NA,0.69,0.69,NA,0.67,0.92,NA,NA
480,Original_Schelling,70,90,0,30,0,213,1864,0,0.91,0.91,NA,0.95,NA,0.6,NA,1,1,NA,1,NA,1,NA,0.72,0.72,NA,0.7,0.9,NA,NA
481,Original_Schelling,70,90,0,40,0,220,1823,0,0.95,0.95,NA,0.97,NA,0.74,NA,1,1,NA,1,NA,1,NA,0.71,0.71,NA,0.69,0.89,NA,NA
482,Original_Schelling,70,90,0,40,0,233,1810,0,0.96,0.96,NA,0.98,NA,0.8,NA,1,1,NA,1,NA,1,NA,0.7,0.7,NA,0.68,0.91,NA,NA
483,Original_Schelling,70,90,0,40,0,173,1827,0,0.94,0.94,NA,0.97,NA,0.71,NA,1,1,NA,1,NA,1,NA,0.7,0.7,NA,0.69,0.87,NA,NA
484,Original_Schelling,70,90,0,40,0,468,1883,0,0.94,0.94,NA,0.97,NA,0.73,NA,1,1,NA,1,NA,1,NA,0.73,0.73,NA,0.71,0.92,NA,NA
485,Original_Schelling,70,90,0,40,0,662,1804,0,0.94,0.94,NA,0.97,NA,0.74,NA,1,1,NA,1,NA,1,NA,0.7,0.7,NA,0.67,0.92,NA,NA
486,Original_Schelling,70,90,0,40,0,922,1841,0,0.95,0.95,NA,0.97,NA,0.76,NA,1,1,NA,1,NA,1,NA,0.71,0.71,NA,0.69,0.94,NA,NA
487,Original_Schelling,70,90,0,40,0,221,1829,0,0.94,0.94,NA,0.97,NA,0.73,NA,1,1,NA,1,NA,1,NA,0.71,0.71,NA,0.69,0.9,NA,NA
488,Original_Schelling,70,90,0,40,0,261,1809,0,0.94,0.94,NA,0.97,NA,0.73,NA,1,1,NA,1,NA,1,NA,0.7,0.7,NA,0.68,0.88,NA,NA
489,Original_Schelling,70,90,0,40,0,324,1859,0,0.94,0.94,NA,0.96,NA,0.72,NA,1,1,NA,1,NA,1,NA,0.72,0.72,NA,0.69,0.91,NA,NA
490,Original_Schelling,70,90,0,40,0,374,1829,0,0.94,0.94,NA,0.96,NA,0.74,NA,1,1,NA,1,NA,1,NA,0.7,0.7,NA,0.68,0.89,NA,NA
491,Original_Schelling,70,90,0,50,0,192,1810,0,0.95,0.95,NA,0.97,NA,0.78,NA,1,1,NA,1,NA,1,NA,0.71,0.71,NA,0.69,0.82,NA,NA
492,Original_Schelling,70,90,0,50,0,221,1813,0,0.96,0.96,NA,0.98,NA,0.79,NA,1,1,NA,1,NA,1,NA,0.71,0.71,NA,0.69,0.84,NA,NA
493,Original_Schelling,70,90,0,50,0,154,1784,0,0.96,0.96,NA,0.98,NA,0.79,NA,1,1,NA,1,NA,1,NA,0.69,0.69,NA,0.68,0.79,NA,NA
494,Original_Schelling,70,90,0,50,0,167,1786,0,0.96,0.96,NA,0.98,NA,0.82,NA,1,1,NA,1,NA,1,NA,0.7,0.7,NA,0.68,0.84,NA,NA
495,Original_Schelling,70,90,0,50,0,76,1816,0,0.95,0.95,NA,0.97,NA,0.8,NA,1,1,NA,1,NA,1,NA,0.7,0.7,NA,0.69,0.78,NA,NA
496,Original_Schelling,70,90,0,50,0,94,1790,0,0.96,0.96,NA,0.97,NA,0.81,NA,1,1,NA,1,NA,1,NA,0.7,0.7,NA,0.69,0.77,NA,NA
497,Original_Schelling,70,90,0,50,0,450,1817,0,0.97,0.97,NA,0.98,NA,0.8,NA,1,1,NA,1,NA,1,NA,0.71,0.71,NA,0.69,0.87,NA,NA
498,Original_Schelling,70,90,0,50,0,281,1810,0,0.96,0.96,NA,0.98,NA,0.79,NA,1,1,NA,1,NA,1,NA,0.7,0.7,NA,0.69,0.83,NA,NA
499,Original_Schelling,70,90,0,50,0,173,1791,0,0.95,0.95,NA,0.97,NA,0.78,NA,1,1,NA,1,NA,1,NA,0.7,0.7,NA,0.68,0.8,NA,NA
500,Original_Schelling,70,90,0,50,0,144,1843,0,0.95,0.95,NA,0.97,NA,0.78,NA,1,1,NA,1,NA,1,NA,0.71,0.71,NA,0.7,0.81,NA,NA
501,Original_Schelling,70,90,0,60,0,105,1827,0,0.98,0.98,NA,0.99,NA,0.91,NA,1,1,NA,1,NA,1,NA,0.73,0.73,NA,0.73,0.69,NA,NA
502,Original_Schelling,70,90,0,60,0,100,1810,0,0.98,0.98,NA,0.99,NA,0.92,NA,1,1,NA,1,NA,1,NA,0.73,0.73,NA,0.73,0.68,NA,NA
503,Original_Schelling,70,90,0,60,0,184,1827,0,0.98,0.98,NA,0.99,NA,0.92,NA,1,1,NA,1,NA,1,NA,0.73,0.73,NA,0.74,0.67,NA,NA
504,Original_Schelling,70,90,0,60,0,194,1830,0,0.99,0.99,NA,0.99,NA,0.91,NA,1,1,NA,1,NA,1,NA,0.73,0.73,NA,0.74,0.7,NA,NA
505,Original_Schelling,70,90,0,60,0,94,1824,0,0.98,0.98,NA,0.99,NA,0.9,NA,1,1,NA,1,NA,1,NA,0.72,0.72,NA,0.73,0.67,NA,NA
506,Original_Schelling,70,90,0,60,0,84,1795,0,0.98,0.98,NA,0.99,NA,0.93,NA,1,1,NA,1,NA,1,NA,0.72,0.72,NA,0.73,0.62,NA,NA
507,Original_Schelling,70,90,0,60,0,169,1806,0,0.99,0.99,NA,0.99,NA,0.93,NA,1,1,NA,1,NA,1,NA,0.72,0.72,NA,0.72,0.69,NA,NA
508,Original_Schelling,70,90,0,60,0,159,1831,0,0.98,0.98,NA,0.99,NA,0.92,NA,1,1,NA,1,NA,1,NA,0.74,0.74,NA,0.74,0.71,NA,NA
509,Original_Schelling,70,90,0,60,0,171,1814,0,0.98,0.98,NA,0.99,NA,0.91,NA,1,1,NA,1,NA,1,NA,0.72,0.72,NA,0.73,0.67,NA,NA
510,Original_Schelling,70,90,0,60,0,158,1812,0,0.98,0.98,NA,0.99,NA,0.92,NA,1,1,NA,1,NA,1,NA,0.73,0.73,NA,0.73,0.66,NA,NA
511,Original_Schelling,70,90,0,70,0,74,1861,0,1,1,NA,1,NA,0.99,NA,1,1,NA,1,NA,1,NA,0.81,0.81,NA,0.84,0.57,NA,NA
512,Original_Schelling,70,90,0,70,0,80,1818,0,1,1,NA,1,NA,0.99,NA,1,1,NA,1,NA,1,NA,0.79,0.79,NA,0.82,0.47,NA,NA
513,Original_Schelling,70,90,0,70,0,51,1788,0,1,1,NA,1,NA,0.99,NA,1,1,NA,1,NA,1,NA,0.78,0.78,NA,0.82,0.48,NA,NA
514,Original_Schelling,70,90,0,70,0,62,1822,0,1,1,NA,1,NA,0.98,NA,1,1,NA,1,NA,1,NA,0.8,0.8,NA,0.83,0.54,NA,NA
515,Original_Schelling,70,90,0,70,0,73,1818,0,1,1,NA,1,NA,0.99,NA,1,1,NA,1,NA,1,NA,0.79,0.79,NA,0.82,0.57,NA,NA
516,Original_Schelling,70,90,0,70,0,62,1806,0,1,1,NA,1,NA,0.99,NA,1,1,NA,1,NA,1,NA,0.78,0.78,NA,0.81,0.49,NA,NA
517,Original_Schelling,70,90,0,70,0,104,1805,0,1,1,NA,1,NA,0.98,NA,1,1,NA,1,NA,1,NA,0.78,0.78,NA,0.81,0.54,NA,NA
518,Original_Schelling,70,90,0,70,0,61,1815,0,1,1,NA,1,NA,0.98,NA,1,1,NA,1,NA,1,NA,0.79,0.79,NA,0.82,0.5,NA,NA
519,Original_Schelling,70,90,0,70,0,60,1831,0,1,1,NA,1,NA,0.99,NA,1,1,NA,1,NA,1,NA,0.79,0.79,NA,0.82,0.55,NA,NA
520,Original_Schelling,70,90,0,70,0,69,1840,0,1,1,NA,1,NA,0.99,NA,1,1,NA,1,NA,1,NA,0.8,0.8,NA,0.83,0.51,NA,NA
521,Original_Schelling,70,90,0,80,0,169,1850,0,1,1,NA,1,NA,1,NA,1,1,NA,1,NA,1,NA,0.87,0.87,NA,0.9,0.54,NA,NA
522,Original_Schelling,70,90,0,80,0,147,1794,0,1,1,NA,1,NA,1,NA,1,1,NA,1,NA,1,NA,0.85,0.85,NA,0.9,0.44,NA,NA
523,Original_Schelling,70,90,0,80,0,147,1834,0,1,1,NA,1,NA,1,NA,1,1,NA,1,NA,1,NA,0.87,0.87,NA,0.91,0.52,NA,NA
524,Original_Schelling,70,90,0,80,0,148,1802,0,1,1,NA,1,NA,1,NA,1,1,NA,1,NA,1,NA,0.85,0.85,NA,0.9,0.48,NA,NA
525,Original_Schelling,70,90,0,80,0,180,1855,0,1,1,NA,1,NA,1,NA,1,1,NA,1,NA,1,NA,0.87,0.87,NA,0.91,0.53,NA,NA
526,Original_Schelling,70,90,0,80,0,154,1817,0,1,1,NA,1,NA,1,NA,1,1,NA,1,NA,1,NA,0.85,0.85,NA,0.89,0.52,NA,NA
527,Original_Schelling,70,90,0,80,0,152,1854,0,1,1,NA,1,NA,1,NA,1,1,NA,1,NA,1,NA,0.87,0.87,NA,0.91,0.48,NA,NA
528,Original_Schelling,70,90,0,80,0,105,1832,0,1,1,NA,1,NA,1,NA,1,1,NA,1,NA,1,NA,0.85,0.85,NA,0.89,0.46,NA,NA
529,Original_Schelling,70,90,0,80,0,109,1811,0,1,1,NA,1,NA,1,NA,1,1,NA,1,NA,1,NA,0.87,0.87,NA,0.91,0.5,NA,NA
530,Original_Schelling,70,90,0,80,0,167,1820,0,1,1,NA,1,NA,1,NA,1,1,NA,1,NA,1,NA,0.86,0.86,NA,0.9,0.46,NA,NA
531,Original_Schelling,70,90,0,90,0,1000,1828,804,0.83,0.83,NA,0.91,NA,0.14,NA,1,1,NA,1,NA,1,NA,0.75,0.75,NA,0.76,0.61,NA,NA
532,Original_Schelling,70,90,0,90,0,1000,1840,650,0.86,0.86,NA,0.93,NA,0.18,NA,1,1,NA,1,NA,1,NA,0.75,0.75,NA,0.76,0.61,NA,NA
533,Original_Schelling,70,90,0,90,0,1000,1805,798,0.83,0.83,NA,0.91,NA,0.15,NA,1,1,NA,1,NA,1,NA,0.74,0.74,NA,0.75,0.63,NA,NA
534,Original_Schelling,70,90,0,90,0,1000,1801,666,0.86,0.86,NA,0.93,NA,0.15,NA,1,1,NA,1,NA,1,NA,0.74,0.74,NA,0.75,0.57,NA,NA
535,Original_Schelling,70,90,0,90,0,1000,1820,766,0.84,0.84,NA,0.91,NA,0.16,NA,1,1,NA,1,NA,1,NA,0.74,0.74,NA,0.75,0.61,NA,NA
536,Original_Schelling,70,90,0,90,0,1000,1808,787,0.83,0.83,NA,0.91,NA,0.18,NA,1,1,NA,1,NA,1,NA,0.74,0.74,NA,0.75,0.63,NA,NA
537,Original_Schelling,70,90,0,90,0,1000,1841,812,0.83,0.83,NA,0.91,NA,0.15,NA,1,1,NA,1,NA,1,NA,0.74,0.74,NA,0.76,0.61,NA,NA
538,Original_Schelling,70,90,0,90,0,1000,1840,711,0.85,0.85,NA,0.92,NA,0.15,NA,1,1,NA,1,NA,1,NA,0.75,0.75,NA,0.77,0.59,NA,NA
539,Original_Schelling,70,90,0,90,0,1000,1780,756,0.85,0.85,NA,0.92,NA,0.14,NA,1,1,NA,1,NA,1,NA,0.73,0.73,NA,0.74,0.6,NA,NA
540,Original_Schelling,70,90,0,90,0,1000,1829,800,0.83,0.83,NA,0.91,NA,0.15,NA,1,1,NA,1,NA,1,NA,0.74,0.74,NA,0.76,0.63,NA,NA
541,Original_Schelling,70,90,0,100,0,1000,1854,826,0.83,0.83,NA,0.91,NA,0.12,NA,1,1,NA,1,NA,1,NA,0.74,0.74,NA,0.76,0.61,NA,NA
542,Original_Schelling,70,90,0,100,0,1000,1819,871,0.81,0.81,NA,0.9,NA,0.14,NA,1,1,NA,1,NA,1,NA,0.74,0.74,NA,0.75,0.62,NA,NA
543,Original_Schelling,70,90,0,100,0,1000,1782,808,0.82,0.82,NA,0.9,NA,0.16,NA,1,1,NA,1,NA,1,NA,0.73,0.73,NA,0.74,0.6,NA,NA
544,Original_Schelling,70,90,0,100,0,1000,1804,798,0.83,0.83,NA,0.91,NA,0.15,NA,1,1,NA,1,NA,1,NA,0.74,0.74,NA,0.75,0.62,NA,NA
545,Original_Schelling,70,90,0,100,0,1000,1831,798,0.84,0.84,NA,0.91,NA,0.12,NA,1,1,NA,1,NA,1,NA,0.75,0.75,NA,0.76,0.63,NA,NA
546,Original_Schelling,70,90,0,100,0,1000,1820,746,0.84,0.84,NA,0.91,NA,0.15,NA,1,1,NA,1,NA,1,NA,0.74,0.74,NA,0.75,0.61,NA,NA
547,Original_Schelling,70,90,0,100,0,1000,1816,773,0.84,0.84,NA,0.91,NA,0.13,NA,1,1,NA,1,NA,1,NA,0.73,0.73,NA,0.75,0.59,NA,NA
548,Original_Schelling,70,90,0,100,0,1000,1839,801,0.83,0.83,NA,0.91,NA,0.18,NA,1,1,NA,1,NA,1,NA,0.74,0.74,NA,0.75,0.64,NA,NA
549,Original_Schelling,70,90,0,100,0,1000,1847,799,0.84,0.84,NA,0.92,NA,0.15,NA,1,1,NA,1,NA,1,NA,0.75,0.75,NA,0.76,0.61,NA,NA
550,Original_Schelling,70,90,0,100,0,1000,1813,788,0.83,0.83,NA,0.91,NA,0.17,NA,1,1,NA,1,NA,1,NA,0.74,0.74,NA,0.75,0.63,NA,NA
